French,Type,Abenaki,Meta,Source,AlternativeSource,Infinitive
Canne,NI,8badahon,Nom;Objet,"Wz8khilain, 1830, p.59",,
Parapluie,NI,8bagawatahigan,Nom;Objet,"Laurent, 1884, p.71",,
Pic-Bois,NA,8basas,Nom;Animal;Oiseau,"Laurent, 1884, p.37",,
En train de… (faire une action),Préverbe,8bchi,Préverbe,"Laurent, 1884, p.71",,
Quelqu’un rit,VAI isc,8bdalmimek,Verbe,,,
Mal de dents,NI,8bid8gw8gan;8bidawas,Nom,"Laurent, 1884, p.24",,
Plûtot que,Conjonction,8daki,,"Laurent, 1884, p.90",,
Rame,NA,8dolibi8gan,Nom;Objet,"Wz8khilain, 1830, p.65",,
Ombre ou hors champ,VII,8gawata,Verbe,"Day, 1994, p.420",,
Raquette,NA,8gem,Nom,"Laurent, 1884, p.61",,
Frêne blanc,NA,8gmakw,Nom;Plante;Arbre,"Wz8khilain, 1830, p.46",,
Apparemment,Adv,8gwni,Adverbe,"Wz8khilain, 1830, p.46",,
Oui,Participe,8h8,,"Laurent, 1884, p.117",,
Ça grandit,VII;3;s;présent,8jigen,Verbe,"Day, 1994, p.422",,
L'histoire,NI,8jmow8gan,Nom,"Laurent, 1884, p.65",,
Histoire,NI,8jomow8gan,Nom,"Rasles, 1831, p.466",,
Magasin,NI,8kolhaïgamikw,Nom;Lieu,"Day, 1994, p.475",,
Néanmoins,Participe,8lawiki,,"Wz8khilain, 1830, p.33","Day, 1994, p.422",
Pêche (au poisson),NI,8maw8gan,Nom,"Laurent, 1884, p.48",,
Casino,NI,8mkapapowigamikw,Nom;Lieu,,,
Amélanche,NI,8mwaimen,Nom;Plante;Fruit,"Day, 1994, p.424",,
Amélanchier,NA,8mwaimenakwam,Nom;Plante;Arbre,"Day, 1994, p.424",,
Quelqu’un vend quelquechose (A) à quelqu’un.,VTA isc,8nkolh8mek,Verbe,"Laurent, 1884, p.71",,
"Sceau-de-Salomon, Polygonatum Pubescens et Smilacina Racemosa",NI,8pkweskak,Nom;Plante,"Rousseau, 1947, p. 46",,
Cuit,VAI;2;s;impératif,8ptadboka,Verbe,"Day, 1994, p.427",,
Quelqu’un cuit.,VAI isc,8ptadbokamek,Verbe,"Day, 1994, p.427",,
Érable de pennsylvanie,NA,8sagakw,Nom;Plante;Arbre,"Rousseau, 1947, p. 42",,
Conteur,AI pt,8tlokat,Verbe;Personne,"Day, 1994, p.428",,
"Histoire, Récit, Légende",NI,8tlokaw8gan,Nom,"Day, 1994, p.425",,
Quelqu'un raconte une légende,VAI isc,8tlokawamek,Verbe,,,
Ça continue,Participe,8walami,,"Wz8khilain, 1830, p.33","Day, 1994, p.429",
Rue,NI,8wdi,Nom;Lieu,"Wz8khilain, 1830, p.46",,
Sentier,NI,8wdisis,Nom;Lieu,"Day, 1995, p.430",,
Ange,NA,8zali,Nom,"Nolett-Ille, 1996, p.2",,
Une réponse (à une question),NI,8zidawaw8gan,Nom,"Day, 1994, p.430",,
Mais (en contraste),Conjonction,8zoka,,"Day, 1994, p.430",,
Verre (pour boire),NA,Aasazit,Nom;Objet;Cuisine,"Nolett-Ille, 1996, p.51",,
Pain,NA,Ab8n,Nom;Objet;Nourriture,"Wz8khilain, 1830, p.45",,
Four à pain,NI,Ab8nk8gan,Nom;Objet;Cuisine,"Wz8khilain, 1830, p.58",,
Four,NI,Ababskweda,Nom;Objet;Cuisine,"Laurent, 1884, p.88",,
Ce (I) qui est plat,Adj,Abagigek,,"Laurent, 1884, p.68",,
C’est plat (I),VII;3;s;présent,Abagigen,,"Laurent, 1884, p.67","Laurent, 1884, p.65",
Ce (A) qui est plat.,Adj,Abagigit,,"Laurent, 1884, p.68",,
Il est plat (A),VAI;3;s;présent,Abagigo,,,,
Toit,NI,Abakw8gan,Nom;Maison,"Laurent, 1884, p.89",,
Four,NI,Abapskweda,Nom;Objet,"Day, 1994, p.1",,
Aurore boréal (toujours au pluriel),NI,Abasand8ganal,Nom;Objet,"Laurent, 1884, p.57",,
Arbre,NA,Abazi,Nom;Plante;Arbre,"Wz8khilain, 1830, p.50","Nolett-Ille, 1996, p.2",
Panier,NI,Abaznoda,Nom;Objet,"Wz8khilain, 1830, p.14","Laurent, 1884, p.61",
Quelqu’un cuisine,VAI isc,Abdbokwamek,Verbe,"Nolett-Ille, 1996, p.12",,
Lit,NI,Abon,Nom;Objet;Maison,"Wz8khilain, 1830, p.45",,
Le jour suivant,VII;conjonctif,Achakwiwik,Verbe,"Laurent, 1884, p.20",,
Aussi,Adv,Achi,Adverbe,"Nolett-Ille, 1996, p.3",,
Obligé de… (faire une action),Préverbe,Achwi,,"Laurent, 1884, p.92",,
Malhonnête,,Adagi,,"Laurent, 1884, p.65",,
Le plus,Particule,Adali,,"Day, 1994, p.6",,
Fruit de l’Alisier (Viburnum Cassinoides),NA,Adatomen,Nom;Plante;Fruit,"Rousseau, 1947, p. 45",,
Alisier (Viburnum Cassinoides),NA,Adatomenakwam,Nom;Plante,"Rousseau, 1947, p. 45",,
Mastodon,NA,Adbaskedon,Nom;Animal;Mammifère,"Day, 1994, p.9",,
Cerise,NI,Adbimen,Nom;Plante;Fruit,"Laurent, 1884, p.62",,
Cerisier de virginie,NA,Adbimenakwam,Nom;Plante;Arbre,"Laurent, 1884, p.31",,
Adieu,?,Adio,,"Nolett-Ille, 1996, p.1",,
Ensuite,Particule,Adoji,,"Day, 1994, p.11",,
Pagne,NI,Adon,Nom;Objet,Charland,,
"Raison sauvage, fruit de la viorne cassinoide",NI,Adotomen,Nom;Plante;Fruit,"Laurent, 1884, p.31",,
Éducation,NI,Agakid8gan,Nom,"Day, 1994, p.12",,
Quelqu'un enseigne quelquechose (I),VTI isc,Agakid8zik,Verbe,"Laurent, 1884, p.182",,
Enseigne quelquechose (I),VTI;2;s;impératif,Agakida,Verbe,"Laurent, 1884, p.182",,
Enseignez quelquechose (I),VTI;2;p;impératif,Agakidamogw,Verbe,"Laurent, 1884, p.182",,
Enseigne,VAI;2;s;impératif,Agakigami,Verbe,"Laurent, 1884, p.182",,
Enseignez,VAI;2;p;impératif,Agakigamigw,Verbe,"Laurent, 1884, p.182",,
Quelqu'un enseigne,VAI isc,Agakigamimek,Verbe,"Laurent, 1884, p.182",,
Professeur,NA,Agakigamwinno,Nom;Personne,"Day, 1994, p.12",,
Quelqu'un enseigne quelqu'un (A),VTA isc,Agakim8mek,Verbe,"Laurent, 1884, p.182",,
Enseigne quelqu'un (A),VTA;2;s;impératif,Agakima,Verbe,"Laurent, 1884, p.182",,
Enseignez quelqu'un (A),VTA;2;p;impératif,Agakimogw,Verbe,"Laurent, 1884, p.182",,
Étudiant,NA,Agakimzowinno,Nom;Personne,"Source (Charland, O'Bomsawin, O'Bomsawin, 2021, p. 13)",,
Marmotte,NA,Agaskw,Nom;Animal;Mammifère,"Wz8khilain, 1830, p.45",,
Trou de marmotte,NI,Agaskw8lagw,Nom,"Day, 1994, p.12",,
Ouaouaron,NA,Agbalam,Nom;Animal;Amphibien,"Wz8khilain, 1830, p.51",,
Quelqu'un compte ou lit quelquechose (I),VTI isc,Agid8zik,,"Laurent, 1884, p.182",,
Compte ou lis quelquechose (I),VTI;2;s;impératif,Agida,,"Laurent, 1884, p.182",,
Comptez ou lisez quelquechose (I),VTI;2;p;impératif,Agidamogw,,"Laurent, 1884, p.182",,
Compte ou lis quelquechose (A),VTA;2;s;impératif,Agidma,,"Laurent, 1884, p.182",,
Quelqu'un compte ou lit quelquechose (A),VTA isc,Agim8mek,,"Laurent, 1884, p.182",,
Comptez ou lisez quelquechose (A),VTA;2;p;impératif,Agimogw,,"Laurent, 1884, p.182",,
Compte ou lis quelquechose,VAI;2;s;impératif,Agizi,,"Laurent, 1884, p.182",,
Comptez ou lisez quelquechose,VAI;2;p;impératif,Agizigw,,"Laurent, 1884, p.182",,
Quelqu'un compte ou lit,VAI isc,Agizimek,,"Laurent, 1884, p.182",,
Un nombre,NA,Agizow8gan,Nom,"Day, 1994, p.13",,
Eux/Elles,PP,Agm8w8,,"Wz8khilain, 1830, p.83",,
Eux-même,Pronom personnel,Agm8w8tta,,"Wz8khilain, 1830, p.84",,
Elle,PP,Agma,,"Wz8khilain, 1830, p.83",,
Il,PP,Agma,,"Wz8khilain, 1830, p.83",,
Lui,PP,Agma,,"Wz8khilain, 1830, p.83",,
Lui/Elle,PP,Agma,,"Wz8khilain, 1830, p.83",,
"En lui/elle, vers lui/elle, depuis lui/elle, de lui/elle",PP,Agmak,,"Wz8khilain, 1830, p.83",,
Toi-même,Pronom personnel,Agmatta,,"Wz8khilain, 1830, p.84",,
Champignon,NA,Agw8dawas,Nom,"Day, 1994, p.16",,
Il est dit,PT,Agwa,,"Day, 1994, p.14",,
"Actuellement, réellement, aussi",Adv,Agwachi,Adverbe,"Day, 1994, p.14",,
Rideau,NI,Agwanagiadigan,,"Laurent, 1884, p.64",,
Jumeaux,NA,Agwaso,Nom;Personne,"Day, 1994, p.15",,
Légume racine.,NA,Agwezit,Nom;Plante;Légume,"Day, 1994, p.16",,
Légume racine,VAI,Agwizit,Verbe;Plante;Légume,"Day, 1994, p.16",,
"Benoîte, Liquide qui rend la bouche piquante",Participe,Ahadbak,Nom;Plante,"Laurent, 1884, p.32",,
Poule,NA,Ahamo,Nom;Animal;Oiseau,"Masta, 1932, p.54",,
Vêtement,NI;Inaliénable,Ahim,Nom;Objet,"Laurent, 1884, p.116",,
Filet,NA,Ahlab,,"Laurent, 1884, p.115",,
À moins que,Conjonction,Aiaga,,"Laurent, 1884, p.90",,
Terre,NI,Aki,Nom,"Laurent, 1884, p.48",,
Quelqu'un sème,VAI isc,Akikamek,,"Laurent, 1884, p.182","Nolett-Ille, 1996, p.37",
Phoque,NA,Akikw;Akigw,Nom;Animal;Mammifère,"Wz8khilain, 1830, p.45",,
Boeuf,NA,Aksen,Nom;Animal;Mammifère,"Wz8khilain, 1830, p.45",,
Selon,Préposition,Akw8bi,,"Laurent, 1884, p.88","Day, 1994, p.21",
Les jours de la semaine (succession de jours???),VII,Akw8bsandak,Verbe,"Wz8khilain, 1830, p.90",,
"Il se sent mal, il se sent malade",VAI;3;s;Présent,Akwamalso,Verbe,"Laurent, 1884, p.198","Nolett-Ille, 1996, p.29",
Maladie,NI,Akwamalsow8gan,Nom,"Wz8khilain, 1830, p.48",,
Hôpital,NI,Akwamalsowigamikw,Nom;Lieu,"Nollett-Ille, 1996, p.24",,
"Amère, Âcre",,Akwan,,"Wz8khilain, 1830, p.45",,
"Alcool; Eau qui arrête (eau de vie, rhum, eau amère…)",NI,Akwbi,,"Wz8khilain, 1830, p.45",,
C’est amère (A),Adj,Akwgek,,Philippe Charland,,
Ne (négation),Adv,Akwi,,"Day, 1994, p.22",,
Éclipse,,Akwi pagadasem,,,,
Réserve autochtone,NI,Al8baïsigwnigan,Nom;Lieu,"Laurent, 1884, p.54",,
Coeur d'un arbre (moelle),NA,Al8makwam,Nom;Plante;Arbre,"Wz8khilain, 1830, p.58",,
Sous l’eau,VII,Al8mbagwa,,"Wz8khilain, 1830, p.81",,
À l’intérieur,Adv,Al8miwi,,"Laurent, 1884, p.88",,
"Enfer, caveau, sous-sol",NI,Al8mki,,"Wz8khilain, 1830, p.51",,
Bureau (office),NI,Al8msagom,,"Laurent, 1884, p.109",,
Petit oiseau domestique,NA,Al8msagwilhasis,Nom;Animal;Oiseau,"Laurent, 1884, p.38",,
"Chambre, Pièce",NI,Al8msakw,,"Laurent, 1884, p.108",,
Canard branchu,NA,Al8ntegwilha,Nom;Animal;Oiseau,"Laurent, 1884, p.38",,
Ou,Conjonction de coordination,Ala,,"Wz8khilain, 1830, p.45",,
Étoile,NA,Alakws,,"Wz8khilain, 1830, p.45",,
C’est étoilé,VAI;3;s;présent,Alakwsoo,,Charland,,
Jour de l'an,,Alamik8wadimuk,,"Laurent, 1884, p.56",,
Janvier,NA,Alamikos,,"Wz8khilain, 1830, p.89",,
Janvier dernier,,Alamikosa,,,,
En janvier dernier,,Alamikosak,,,,
Carcajou,NA,Alaskana,Nom;Animal;Mammifère,"Nolett-Ille, 1996, p.7",,
Allemand,NA,Alem8n,,"Laurent, 1884, p.53",,
La langue allemande,NI,Alem8n8dwaw8gan,,"Laurent, 1884, p.53",,
"Que, Parce que",Conjonction,Ali,,"Laurent, 1884, p.90",,
Ouest,,Ali nkilh8t,,"Day, 1994, p.47",,
Quelqu'un pense/présume quelquechose (I).,VTI,Alidah8d8zik,,"Laurent, 1884, p.183",,
Quelqu'un pense/présume quelquechose (A).,VTA,Alidah8m8mek,,"Laurent, 1884, p.183",,
Quelqu'un pense/présume.,VAI isc,Alidah8zimek,,"Laurent, 1884, p.183",,
Tortue serpentine,NA,Aligdaït,,"Day, 1994, p.28",,
Je suis comme cela,VAI,Aligia,,"Day, 1994, p.28",,
Tu es comme cela,VAI,Aligian,,"Day, 1994, p.28",,
Quelqu'un coud,VAI,Aligw8nsamek,,"Laurent, 1884, p.182",,
Quelqu'un coud quelquechose (I),VTI,Aligw8zik,,"Laurent, 1884, p.182",,
Quelqu'un coud quelquechose (A),VTA,Aligwaw8mek,,"Laurent, 1884, p.182",,
Fourmi,NA,Alikws,,"Wz8khilain, 1830, p.45",,
Gant,NI,Alilj8mek,,"Nolettt-Ille, 1996, p.22",,
Quelqu’un chante,VAI,Alintomek,,,,
Éléphant,NA,Alipen,Animal,"Day, 1994, p.29",,
Taupe,NA,Alm8ska,,"Wz8khilain, 1830, p.51",,
Semaine,VAI isc,Almalokamek,,"Laurent, 1884, p.117",,
Continuer dans le temps et l’espace.,Particule,Almi,,"Nolett-Ille,???, p.61",http://www.mfw.us/blog/wp-content/uploads/2020/04/EditedAbenakiDictionaryNEWNEW.pdf,
Après,,Almidbilh8k,,"Masta, 1932, p. 20",,
Quand ça continue après,VTI,Almitbilh8k,,"Laurent, 1884, p.87",,
Continue,,Almitebihl8k,,"Laurent, 1884, p. 87",,
Chien,NA,Almos,Nom;Animal;Mammifère,"Wz8khilain, 1830, p.50",,
Chiot,NA,Almosis,Nom;Animal;Mammifère,"Laurent, 1884, p.71",,
Être humain,NA,Aln8ba,,"Laurent, 1884, p.53",,
La langue abénakise,NI,Aln8ba8dwaw8gan,,"Nolett-Ille, 1996, p.27",,
L’incarnation,NA,Aln8baiosow8gan,Nom,"Laurent, 1884, p.13",,
Naissance,NI,Aln8baow8gan,Nom,Charland,,
"Gingembre sauvage, Asarum canadense",NA,Aln8batipwabel,Nom;Plante,"Laurent, 1884, p.32",,
Moccasins,NI,Aln8baïmkezen,,???,,
À la façon abénakise « Abénakiment »,Adv,Aln8baïwi,Adverbe,"Day, 1994, p.32",,
Bannique (pain autochtone),NA,Alnab8n,,"Day, 1994, p.30",,
Fer,NA,Alnahlagw,,"Wz8khilain, 1830, p.50",,
Chemin de fer,NI,Alnahlagw8wdi,Nom;Lieu,"Laurent, 1884, p.40",,
Droite,Adv,Alnakaïwi,,,,
"Ordinaire, commun, habituel",Adv,Alni,,"Laurent, 1884, p.93",,
Tomahawk,NI,Alni-tmahigan,,"Laurent, 1884, p.63","Laurent, 1884, p.19",
Pruche,NA,Alnisedi,Nom;Plante;Arbre,"Wz8khilain, 1830, p.47",,
Travaille,VAI,Aloka,,"Laurent, 1884, p.182",,
Travaillez,VAI,Alokagw,,"Laurent, 1884, p.182",,
Quelqu'un travaille,VAI isc,Alokamek,,"Laurent, 1884, p.182","Laurent, 1884, p.63",
Travail,NI,Alokaw8gan,Nom,"Wz8khilain, 1830, p.63",,
Plancher,NI,Alsaktak,Maison,"Day, 1994, p.36",,
Presque,,Alwa,,"Wz8khilain, 1830, p.45",,
"Presque, Probablement",Adv,Alwa,Adverbe,"Aubéry, 1715, p.415",,
"Il se sent, il se sent dans un certain état de santé.",VAI;3;s;Présent,Amalso,,"Day, 1994, p.37",,
"Pirogue, canot construit d'un seul arbre creusé.",NI,Amasol,Nom;Objet;Embarcation,"Wz8khilain, 1830, p.51",,
Viande de castor,NI,Amiskwiia,,,,
Cuillière,NA,Amkw8n,,"Wz8khilain, 1830, p.45",,
Panier à cuillère,NI,Amkw8ninoda,,"Wz8khilain, 1830, p.63","Laurent, 1884, p.36",
Manteau,I?,Anabi,,"Wz8khilain, 1830, p.51",,
Assiette,NI,Anasiat,Maison;objet,"Nolett-Ille, 1996, p.3",,
Collier médaillon honorifique,NI,Anaskam8n,Nom;Objet,"Day, 1994, p.38",,
Gland de chêne rouge,NI,Anaskemen,Nom;Plante;Fruit,"Laurent, 1884, p.31",,
Chêne rouge,NA,Anaskemezi,Nom;Plante;Arbre,"Laurent, 1884, p.31",,
Aussitôt que,Conjonction,Anegitta,,"Laurent, 1884, p.90",,
Orme,NA,Anibi,Nom;Plante;Arbre,"Wz8khilain, 1830, p.51",,
Tamia,NA,Anikses,Animal;Mammifère,"Wz8khilain, 1830, p.51",,
Oignon,NA,Anl8baïwinos,Plante;Légume,"Day, 1994, p.32",,
Tuque,NI,Antikw,Nom;Objet;Vêtement,"Day, 1994, p.39",http://www.mfw.us/blog/wp-content/uploads/2020/04/EditedAbenakiDictionaryNEWNEW.pdf,
Marte,NA,Apanakes,Animal;Mammifère,"Wz8khilain, 1830, p. 58",,
Pomme,NA,Aples,Nom;Plante;Fruit,"Wz8khilain, 1830, p.45",,
Pommier,NA,Aplesakwam,Nom;Plante;Arbre,"Laurent, 1884, p.31",,
Mousse et lichen,NI,Asakwam,Nom;Plante,"Laurent, 1884, p.32",,
Raton-Laveur,NA,Asban,Animal;Mammifère,"Wz8khilain, 1830, p.45",,
Lèvre,NI,Asbaskedon,,"Nolett-Ille, 1996, p.27",,
Le long de,Adv,Aseb8ïwi,,"Laurent, 1884, p.89",,
Cheval,NA,Ases,Animal;Mammifère,"Wz8khilain, 1830, p.45","Day, 1994, p.42",
Toujours à partir de maintenant,VII,Askamat,,"Wz8khilain, 1830, p.33",,
L’éternel,VAI;Participe,Askaminnowit,Verbe,"Laurent, 1884, p.13",,
Toujours (pour toujours)),,Askamiwi,,"Nolett-Ille, 1996, p.49",,
"Toujours(dans le future), pour toujours, eternellement à partir de maintenant.",Adv,Askamiwi,Adverbe,"Day, 1994, p.42",http://www.mfw.us/blog/wp-content/uploads/2020/04/EditedAbenakiDictionaryNEWNEW.pdf,
Corne/Bois d'animaux,NA,Askan,,"Wz8khilain, 1830, p.45",,
Quelquechose (I) est vert.,VII;3;s;présent,Askaskwigen,,"Laurent, 1884, p.45",,
Quelqu'un attend quelquechose (A) ou quelqu'un,VTA,Askawah8mek,,"Laurent, 1884, p.182",,
Quoi qu'il en soit,,Askawana,,,,
Attends-moi,VTA,Askawihi,,"Nolett-Ille, 1996, p.2",,
Quelqu'un attend quelquechose (I),VTI,Askawit8zik,,"Laurent, 1884, p.182",,
Concombre,NI,Askitamek,,"Wz8khilain, 1830, p.58",,
Encore (Idée de persistence),,Askwa,,"Laurent, 1884, p.86",,
Pas encore/ Jamais,Particule,Asma,,"Wz8khilain, 1830, p.45","Nolett-Ille, 1996, p.33",
Nuage ou Ciel,NA,Asokw,,"Wz8khilain, 1830, p.44",,
C'est nuageux,VII;3;s;présent,Asokwat,,"Laurent, 1884, p.104","Laurent, 1884, p.46",
Chapeau,NI,Asolkw8n,Nom;Objet;Vêtement,"Wz8khilain, 1830, p.51",,
Théâtre,VTA isc,Ataladakamek,Nom;Lieu,,,
Là où quelqu'un cuisine,VAI isc,Ataladbokwamek,,"Day, 1994, p.45",,
École,VTA isc,Atalagakidimek,Nom;Lieu,"Day, 1994, p.5",,
Parc animalier,,Atali nanawalm8mek awaasak,,Charland,,
Parc (pour jouer),VAI isc,Atalipapimek,Nom;Lieu,,,
Restaurant,VAI isc,Atalipimek,Nom;Lieu,"Day, 1994, p.45","Day, 1994, p.8",
Fève,NI,Atbakwa,Nom;Plante;Légume,"Nolett-Ille, 1996, p.19",,
Haricot,NI,Atebakw,Nom;Plante;Légume,"Laurent, 1884, p.43",,
Probablement,Participe,Ato,,"Nolett-Ille, 1996, p.40",,
Teinture,NI,Atsigan,Nom;Objet,"Laurent, 1884, p.44",,
Couleur,NI,Atstaw8gan,Nom,Charland,,
Enfant,NA,Aw8sis,Nom;Personne,"Wz8khilain, 1830, p.51","Nolett-Ille, 1996, p.2",
Animal Sauvage,NA,Awaas,Animal,"Masta, 1932, p.54",,
Proie sauvage,,Awaasiia,,"Laurent, 1884, p.29",,
Proie sauvage,,Awaaswiia,,"Laurent, 1884, p.29",,
"Un outil, un instrument.",NI,Awak8gan,Nom;Objet,"Day, 1994, p.547",,
Utilise quelquechose (A) ou quelqu'un.,VTA,Awaka,,"Laurent, 1884, p.182",,
Utilisez quelquechose (A) ou quelqu'un.,VTA,Awakagw,,"Laurent, 1884, p.182",,
Quelqu'un utilise quelquechose (A) ou quelqu'un.,VTA,Awakamek,,"Laurent, 1884, p.182",,
Quelqu'un utilise quelquechose (I).,VTI,Awakat8zik,,"Laurent, 1884, p.182",,
Utilise quelquechose (I).,VTI,Awakato,,"Laurent, 1884, p.182",,
Utilisez quelquechose (I).,VTI,Awakatogw,,"Laurent, 1884, p.182",,
Air,NI,Awan,,"Nolett-Ille, 1996, p.1",,
N'importe qui,Pronom indéfini,Awani,,"Laurent, 1884, p.93","Nolett-Ille, 1996, p.41",
Qui (quelqu'un),Pronom interogatif,Awani,,"Laurent, 1884, p.91",,
Qui es-tu?,,Awani kia,,,,
Qui est-ce?,,Awani na,,"Laurent, 1884, p.91",,
Quelqu’un  (obviatif),Pronom,Awanihi,Pronom,"Day, 1994, p. 48",,
Homme blanc,NA,Awanoch,,"Masta, 1932, p.54",,
"Au-delà, Plus loin",Adv,Awasiwi,,"Laurent, 1884, p.86","Laurent, 1884, p.36",
Ours,NA,Awasos,Nom;Animal;Mammifère,"Wz8khilain, 1830, p.50",,
La grande ourse (L'ours cuillère),NA,Awasosamkw8n,,"Day, 1994, p.49",,
Bois de chauffage,NI,Awazon,,"Wz8khilain, 1830, p.50",,
Guerre,NI,Awdow8gan,,"Nolett-Ille, 1996, p.23",,
Quand c’est calme,VII,Awibega,Verbe,"Laurent, 1884, p.114",,
C’est calme,VII,Awiben,Adjectif,"Day, 1994, p.50",,
"Une vie calme, paisible",NI,Awiben8wzow8gan,Nom,"Day, 1994, p.50",,
Quelqu'un apaise quelqu'un.,VTA,Awigih8mek,,"Laurent, 1884, p.182",,
Apaise quelqu'un.,VTA,Awigiha,,"Laurent, 1884, p.182",,
Apaisez quelqu'un.,VTA,Awigihogw,,"Laurent, 1884, p.182",,
Quelqu'un écrit quelquechose (A),VTA,Awikh8mek,,"Laurent, 1884, p.182",,
Quelqu'un écrit quelquechose (I),VTI,Awikh8zik,,"Laurent, 1884, p.182",,
Écris quelquechose (A),VTA,Awikha,,"Laurent, 1884, p.182",,
Écris quelquechose (I),VTI,Awikha,,"Laurent, 1884, p.182",,
Écrivez quelquechose (I),VTI,Awikhamokw,,"Laurent, 1884, p.182",,
Écris,VAI,Awikhiga,,"Laurent, 1884, p.182",,
Écrivez,VAI,Awikhigakw,,"Laurent, 1884, p.182",,
Quelqu'un écrit,VAI isc,Awikhigamek,,"Laurent, 1884, p.182",,
Livre,NI,Awikhigan,,"Laurent, 1884, p.61","Nolett-Ille, 1996, p.16",
Encre,NI,Awikhiganebi,,"Laurent, 1884, p.45",,
Crayon,NI,Awikhiganigan,Nom;Objet,"Day, 1994, p.50",,
Écrivez quelquechose (A),VTA,Awikhokw,,"Laurent, 1884, p.182",,
Moelle (d'arbre),NI,Awip,,"Wz8khilain, 1830, p.45",,
Quelqu'un déplace quelqu'un ou quelquechose (A),VTA,Awsk8n8mek,,"Laurent, 1884, p.182",,
Quelqu'un déplace quelquechose (I),VTI,Awsk8n8zik,,"Laurent, 1884, p.182",,
Déplace quelqu'un ou quelquechose (A),VTA,Awsk8na,,"Laurent, 1884, p.182",,
Déplace quelquechose (I),VTI,Awsk8na,,"Laurent, 1884, p.182",,
Déplacez quelquechose (I),VTI,Awsk8nemogw,,"Laurent, 1884, p.182",,
Trouble quelqu'un ou quelquechose (A),VTA,Awsk8nka,,"Laurent, 1884, p.183",,
Troublez quelqu'un ou quelquechose (A),VTA,Awsk8nkagw,,"Laurent, 1884, p.183",,
Quelqu'un trouble quelqu'un ou quelquechose (A),VTA,Awsk8nkamek,,"Laurent, 1884, p.183",,
Déplacez quelqu'un ou quelquechose (A),VTA,Awsk8nogw,,"Laurent, 1884, p.182",,
"Thé du Labrador, Rhododendron groenlandicum",NA,Az8bakw,Nom;Plante,"Rousseau, 1947, p. 43",,
Prune,NA,Azawanimen,Nom;Plante;Fruit,"Laurent, 1884, p.62",,
Prunier,NA,Azawanimenakwam,Nom;Plante;Arbre,"Laurent, 1884, p.31",,
Chaque,Pronom,Azi,,"Day, 1994, p. 53","Nolett-Ille, 1996, p.32",
Mouton,NA,Azib,Nom;Animal;Mammifère,"Wz8khilain, 1830, p.45;Laurent, 1884, p.69",,
Agneau,NA,Azibis,Nom;Animal;Mammifère,"Laurent, 1884, p.35",,
Chaque (forme insistante),Pronom,Azita,,"Day, 1994, p. 54","Nolett-Ille, 1996, p.44",
Taureau,NA,Aï8ba,Nom;Animal;Mammifère,"Nolett-Ille, 1996, p.48",,
Église (la batisse),NI,Aïamihawigamikw,Nom;Lieu,"Laurent, 1884, p.89",,
Brandy (boisson),NI,Blandi,Nom,"Laurent, 1884, p.30",,
Criquet/Sauterelle,NA,Ch8ls,Nom;Animal;Insecte,"Wz8khilain, 1830, p.44",,
Maintenant,Adv,Cha,,"Laurent, 1884, p.117",,
Quelquechose (I) est tacheté.,VII;G,Chachakigen,,,,
Hoquet,NI,Chachapsolow8gan,Nom,"Laurent, 1884, p.23",,
Le hoquet,NI,Chachapsolow8gan,,"Laurent, 1884, p.23",,
Maintenant,,Chaga,,"Wz8khilain, 1830, p.44",,
Si,Conjonction,Chaga,,"Laurent, 1884, p.89",,
À moins que,Conjonction,Chaga nda,,"Laurent, 1884, p.90","Nolett-Ille, 1996, p.30",
Matin (le),VII;3;s;présent,Chakwa,,"Wz8khilain, 1830, p.44",,
Matin (ce),VII;3;s;présent,Chakwak,,"Laurent, 1884, p.101",,
Lumière du jour,VII;3;s;présent,Chakwat,,"Wz8khilain, 1830, p.44",,
"Jongleur, clown, homme masqué",NA,Chamocha,,"Laurent, 1884, p.209",,
Quelqu'un arrête quelqu’un ou quelquechose (A).,VTA isc,Chann8mek,,"Laurent, 1884, p.183",,
Arrêt,,Channa,,,,
Arrête quelqu’un ou quelquechose (A).,VTA;2;s;impératif,Channa,,"Laurent, 1884, p.183",,
Arrête quelquechose (I).,VTI;2;s;impératif,Channa,,"Laurent, 1884, p.183","Nolett-Ille, 1996, p.32",
Navet,NA,Channaps,,"Wz8khilain, 1830, p.44",,
Arrêtez quelquechose (I).,VTI;2;p;impératif,Channemogw,,"Laurent, 1884, p.183",,
Arrêtez quelqu’un ou quelquechose (A).,VTA;2;p;impératif,Channogw,,"Laurent, 1884, p.183",,
Quelqu'un arrête quelquechose (I).,VTI isc,Channozik,,"Laurent, 1884, p.183",,
Arrête.,VAI;2;s;impératif,Chanosa,,"Laurent, 1884, p.183",,
Arrêtez.,VAI;2;p;impératif,Chanosagw,,"Laurent, 1884, p.183",,
Quelqu'un arrête.,VAI isc,Chanosamek,,"Laurent, 1884, p.183",http://www.mfw.us/blog/wp-content/uploads/2020/04/EditedAbenakiDictionaryNEWNEW.pdf,
"Séparé, À côté",,Chbiwi;Chebiwi,,"Wz8khilain, 1830, p.44",,
"Se séparer, Marcher à l'opposé",,Chbosa,,"Wz8khilain, 1830, p.44",,
Mur,NI,Chebesagahigan,,"Laurent, 1884, p.88",,
Quelqu'un brûle ou allume quelquechose (A).,VTA isc,Chegas8mek,,"Laurent, 1884, p.183",,
Quelqu'un brûle ou allume quelquechose (I).,VTA;1;s;présent,Chegas8zik,,"Laurent, 1884, p.183",,
Brûle ou allume quelquechose (A).,VTA;2;s;impératif,Chegasa,,"Laurent, 1884, p.183",,
Brûle ou allume quelquechose (I).,VTI;2;s;impératif,Chegasa,,"Laurent, 1884, p.183",,
Brûlez ou allumez quelquechose (I).,VTI;2;p;impératif,Chegasemogw,,"Laurent, 1884, p.183",,
"Allumette, petit instrument d'allumage.",NI,Chegasiganis,,"Day, 1994, p.143",,
Brûlez ou allumez quelquechose (A).,VTA;2;p;impératif,Chegasogw,,"Laurent, 1884, p.183",,
Grenouille,NA,Chegual,,"Laurent, 1884, p.39",,
Grenouille,NA,Chegwal,Animal;Amphibien,"Nolett-Ille, 1996, p.23",,
Martin-pêcheur,NA,Cheskwadadas,,"Laurent, 1884, p.37","Nolett-Ille, 1996, p.18",
Fantôme,NA,Chibai;Chibaï,,"Wz8khilain, 1830, p.44","Nolett-Ille, 1996, p.41",
Quand,Adv,Chiga,,"Wz8khilain, 1830, p.44",,
Quand naissais-tu?,,Chiga aln8baïanob?,,,,
Rasoir,NI,Chigitwahigan,,"Wz8khilain, 1830, p.63",,
Rasoir,NI,Chigitwahigan,,"Wz8khilain, 1830, p.63",http://www.mfw.us/blog/wp-content/uploads/2020/04/EditedAbenakiDictionaryNEWNEW.pdf,
Aubépine (le fruit),NA,Chignaz,Nom;Plante;Fruit,"Wz8khilain, 1830, p.44",,
Aubépine (l'arbre),NA,Chignazakwam,Nom;Plante;Arbre,"Laurent, 1884, p.32",,
Le ronflement,NI,Chigwalakwsow8gan,,"Laurent, 1884, p.23",,
Bébé,NA,Chijis,Nom;Personne,"Rousseau, 1947, p. 46",,
Trillium Erectum (Trille Rouge),NA,Chijis,Nom;Plante,"Rousseau, 1947, p. 46",,
Martinet ramoneur,NA,Chimeliilhasis,Nom;Animal;Oiseau,"Laurent, 1884, p.37",,
Cheminée,NI,Chimli;Kchimli,Nom;Maison,"Wz8khilain, 1830, p.45",,
Jus,NI,Chitasaz8bo,Nom,"Day, 1994, p.248",,
Fromage,NI,Chiz,Nom;Objet;Nourriture,"Laurent, 1884, p.30",http://www.mfw.us/blog/wp-content/uploads/2020/04/EditedAbenakiDictionaryNEWNEW.pdf,
Vacher à tête brune (oiseau noir),NA,Chogleskw,Nom;Animal;Oiseau,"Wz8khilain, 1830, p.44",,
Commandement (bible),NI,Chowagidamw8gan,,"Laurent, 1884, p.88",http://www.mfw.us/blog/wp-content/uploads/2020/04/EditedAbenakiDictionaryNEWNEW.pdf,
"Certain, devoir, falloir, sûrement",Adv,Chowi,,"Wz8khilain, 1830, p.44",,
"Plus tard, Enfin",Adv,Daki,,"Day, 1994, p.153",,
Canot,NI,Dol,,"Laurent, 1884, p.114",,
L’année passée,VII,Gadenaga,,"Nolett-Ille, 1996, p.2","Wz8khilain, 1830, p.88",
Cela fait plusieurs fois,VII;3;s;présent,Gasta,Verbe,"Laurent, 1884, p.79",,
"Soit capable de faire quelquechose, Ait fait quelquechose",VTA;2;s;Impératif,Gizito,,"Day, 1994, p.213",,
Dis-moi,VTA,Hli,,"Laurent, 1884, p.117",,
Quatre (chiffre),Numéral,Iaw,Numéral,"Laurent, 1884, p.73",,
Quatorze (nombre),Numéral,Iaw8kaw,Numéral,"Laurent, 1884, p.74",,
Quatre (objets animés),Adjectif numéral cardinal animé,Iawak,,,,
Jeudi,NI,Iawda alokan,,"Laurent, 1884, p.19",,
Jeudi,NI,Iawdasanda,,"Nolett-Ille, ???, p.126",,
Quatre (objets inanimés),Adjectif numéral cardinal inanimé,Iawnol,,,,
Quelqu'un dit quelquechose (I),VTI isc,Id8zik,,"Laurent, 1884, p.183",,
Dis quelquechose (I),VTI;2;s;impératif,Ida,,"Laurent, 1884, p.183",,
Dites quelquechose (I),VTI;2;p;impératif,Idamogw,,"Laurent, 1884, p.183",,
Anglais,NA,Iglism8n,,"Laurent, 1884, p.53",,
La langue anglaise,NI,Iglism8n8dwaw8gan,,"Nolett-Ille, 1996, p.27",,
Quelqu'un défends quelquechose (I),VTI isc,Ik8d8zik,,"Laurent, 1884, p.183",,
Défends quelquechose (I),VTI;2;s;impératif,Ik8da,,"Laurent, 1884, p.183",,
Défendez quelquechose (I),VTI;2;p;impératif,Ik8demogw,,"Laurent, 1884, p.183",,
Quelqu'un défends quelqu'un ou quelquechose (A),VTA isc,Ik8l8mek,,"Laurent, 1884, p.183",,
Défends quelqu'un ou quelquechose (A),VTA;2;s;impératif,Ik8la,,"Laurent, 1884, p.183",,
Des gens se défendent ensemble.,VTA isc,Ik8ldimek,,"Laurent, 1884, p.183",,
Défendez quelqu'un ou quelquechose (A),VTA;2;p;impératif,Ik8logw,,"Laurent, 1884, p.183",,
Défends,VAI;2;s;impératif,Ik8lwa,,"Laurent, 1884, p.183",,
Défendez,VAI;2;p;impératif,Ik8lwagw,,"Laurent, 1884, p.183",,
Quelqu'un défends,VAI isc,Ik8lwamek,,"Laurent, 1884, p.183",,
Défend-toi toi-même,VAI;2;s;Impératif,Ik8lzi,,"Laurent, 1884, p.183",,
Défend-vous vous-même,VAI;2;p;Impératif,Ik8lzigw,,"Laurent, 1884, p.183",,
Quelqu'un se défend lui-même,VAI isc,Ik8lzimek,,"Laurent, 1884, p.183",,
Irlandais,NA,Ill8da,,"Laurent, 1884, p.53",,
Le gaélique irlandais,NI,Ill8da8dwaw8gan,,"Laurent, 1884, p.53",,
Pendant qu'il vit/vivant.,VAI,Ill8wzit,,"Day, 1994, p.238",,
Ceci (à proximité),Pronom démonstratif Inanimé,Io,,"Laurent, 1884, p.92",,
Ici,Adv,Iotali,,"Nolett-Ille, 1996, p.24",,
Quel âge as-tu?,,K'kasigadma?,,"Laurent, 1884, p.99",,
J'aime,VTI,K'kazaldam,,,,
J'aime,,K'kazalga,,,,
J'aime,VTA,K'kazalm8,,,,
Tu as vendu quelquechose (A) de défini à quelqu'un.,VTAd,K'kiz8nkolh8n,,"Laurent, 1884, p.71",,
Tu me parles,VTA,K'kloli,,"Nolett-Ille, 1996, p.36",,
Je te parle,VTA,K'klolil,,"Nolett-Ille, 1996, p.36",,
Tu parles,VAI,K'klozi,,"Nolett-Ille, 2006, p.32",,
Je t'aime,VTA,K'kzalmel,,"Nolett-Ille, 1996, p.1",,
Tu m'aimes,VTA,K'kzalmi,,"Nolett-Ille, 1996, p.1",,
Tu commences,VAI,K'm8ja,,"Nolett-Ille, 1996, p.10",,
Tu achètes quelquechose (A) de défini.,VTAd,K'manoh8,,"Laurent, 1884, p.72",,
Vous achetez quelquechose (I) d'indéfini.,VTIi,K'manohomba,,"Laurent, 1884, p.70",,
Vous achèterez quelquechose (I),VTI,K'manohombaji,,"Laurent, 1884, p.70",,
Tu me demandes,,K'nadodmawi,,"Nolett-Ille, 1996, p.13",,
Je te demande,,K'nadodmawol,,"Nolett-Ille, 1996, p.13",,
Je te comprends,,K'wawtamel,,"Nolett-Ille, 1996, p.10",,
Tu me comprends,,K'wawtami,,"Nolett-Ille, 1996, p.10",,
Nous (inclusif) prenons quelquechose (I) d'indéfini.),VTIi,K'wikwnemobna,,"Laurent, 1884, p192",,
Nous (inclusif) prendrions quelquechose (I) d'indéfini.,VTIi,K'wikwnemobnaba,,"Laurent, 1884, p192",,
Tu as raison,VAI,K'wl8ma;K'ol8ma,,"Laurent , 1884, p.94",,
Tu es le (ou) la bienvenu(e),VAI;2;s;présent,K'wlipaï8,,"Nolett-Ille, 1996, p.5",,
"Donc, Ainsi, Comme",Conjonction,K8dak,,"Laurent, 1884, p.89",,
Un cri,NI,K8g8lwaw8gan,,"Laurent, 1884, p.23","Laurent, 1884, p.36",
Porc-épic,NA,K8gw,,,,
Veine,NA,K8jo,Nom;Corps,"Laurent, 1884, p.25",,
Petite veine,NA,K8jois,Nom;Corps,"Day, 1994, p.258",,
"Dentaire, Dentaria Diphylla",NA,K8joisak,Nom;Plante,"Day, 1994, p.258",,
Outarde,NA,K8k,Nom;Animal;Oiseau,,"Nolett-Ille, 1996, p.39",
"Thé des bois, Gaultheria procumbens",NA,K8k8gowibagw,Nom;Plante,"Rousseau, 1947, p. 43",,
Petite planche de Thuya pour faire canot,NA,K8ksk,Nom;Plante;Arbre,"Rasles, 1831, p.403",,
Porc-épic,NA,K8kw,Nom;Animal;Mammifère,"Wz8khilain, 1830, p.44",,
Pot,NA,K8tkokw,,"Wz8khilain, 1830, p.46","Nolett-Ille, 1996, p.17",
Groseille,NA,K8wakwimen,Nom;Plante;Fruit,"Laurent, 1884, p.31",,
Épine/Plume de porc-épic,NA,K8wi;K8wis,,"Wz8khilain, 1830, p.45",,
Quelquechose (I) est piquant ou rude.,VII;3;s;présent,K8wigen,,,,
Chardon,NA,K8wis,,"Wz8khilain, 1830, p.46","Laurent, 1884, p.37",
Goéland,NA,Kaakw,Nom;Animal;Oiseau,"Wz8khilain, 1830, p.45",,
"En effet, en réalité",Conjonction,Kaalaki,,"Laurent, 1884, p.90",,
Wagon de train,NI,Kaas,Nom;Véhicule,"Laurent, 1884, p.41",,
Locomotive,NI,Kaas8dep,Nom;Véhicule,"Day, 1994, p.249",,
Chemin de fer,NI,Kaas8wdi,Nom;Lieu,"Day, 1994, p.249",,
Pont de train,NI,Kaasilesagw8gan,Nom;Lieu,"Day, 1994, p.249",,
Wagon de train ou auto,NI,Kaaz,Nom,"Day, 1994, p.249",,
Esturgeon,NA,Kabasa,Nom;Animal;Poisson,"Wz8khilain, 1830, p.51",,
Chou,NI,Kabij,Nom;Plante;Légume,"Wz8khilain, 1830, p.46",,
Samedi,NI,Kadawsanda,,"Laurent, 1884, p.19",,
Vouloir de… (faire une action),Préverbe,Kadi,,"Nolett-Ille, 2006, p.50",,
Ennemi,NA,Kadonkawinno,,"Nolett-Ille,1996, p.16",,
Breuvage,NI,Kadosmow8gan,,"Laurent, 1884, p.70",,
"Clavalier d'Amérique, Xanthoxylum americanum ",NA,Kag8wakw,Nom;Plante;Arbre,"Rousseau, 1947, p. 41",,
Ambition,NI,Kagazwidah8zow8gan,,"Nolett-Ille, 1996, p.2",,
"Très fort, Brave",Participle,Kagini,,"Day, 1994, p.175",,
Pourquoi,,Kagui weji,,"Laurent, 1884, p.113",,
"Vidange, quelquechose de sale, rebus",NI,Kagwejakw,Nom;Objet,"Day, 1994, p.177",,
Poubelle,NI,Kagwejakwitawtigan,Nom;Objet,Philippe Charland,,
Quelquechose,I?,Kagwes,,"Wz8khilain, 1830, p.86",,
Quoi,,Kagwi,,"Laurent, 1884, p.91","Laurent, 1884, p.113",
Comment t'appelles-tu?,,Kagwi kd'aliwizi?,,"Laurent, 1884, p.92",,
Qu'est-ce qui se passe?,,Kagwi lla?,,"Laurent, 1884, p.91",,
Quelquechose,Pronom indéfini,Kagwi;Kagui,,"Nolett-Ille, 1996, p.41","Nolett-Ille, 1996, p.41",
Certainement,Adv,Kahalaki;Gahalaki,,"Day, 1994, p.177",,
Lait épais (caillé?),I ?,Kaia,,"Wz8khilain, 1830, p.45",,
Lézard,NA,Kakad8l8gw,Nom;Animal;Reptile,"Laurent, 1884, p.39",,
De plus en plus,Adv,Kakaswi,Adverbe,"Laurent, 1884, p.115",,
Quoi,Pronom interogatif,Kakwsa,Pronom,"Day, 1994, p.177",,
"Effectivement, vraiment, en fait",Adv,Kalaato,Adverbe,"Laurent, 1884, p.86",,
Biscuit,NA,Kalak8n,,"Laurent, 1884, p.30",,
Calèche,NI,Kalas,,"Wz8khilain, 1830, p.46",,
Carotte,NA,Kalot,Nom;Plante;Légume,"Nolett-Ille, 1996, p.7",,
"Une exclamation qui exprime l'étonnement, dérision ou l'ironie",Participe,Kam8ji,,"Laurent, 1884, p.91",,
Il trempe quelquechose (A) ou quelqu'un.,VTA;3;s;Présent,Kamgwena,,"Laurent, 1884, p.106",,
Canal,NI,Kanal,Nom;Lieu,"Laurent, 1884, p.40",,
Saule,NA,Kanozas,Nom;Plante;Arbre,"Laurent, 1884, p.32",,
Cependant,Adv,Kanwa,,"Laurent, 1884, p.90",,
Mais,Adv,Kanwa,,"Laurent, 1884, p.90",,
Vache,NA,Kaoz,Nom;Animal;Mammifère,"Wz8khilain, 1830, p.45",,
Grange,NI,Kaozigamikw,Nom;Lieu,"Masta, 1932, p.105",,
Veau,NA,Kaozis,Nom;Animal;Mammifère,"Wz8khilain, 1830, p.51",,
Mouche à vache,NA,Kaoziwjawas,Nom;Animal;Insecte,Philippe Charland,,
Café,NI,Kapi,,"Day, 1994, p.251",,
Un café - le restaurant,NI,Kapigamikw,Nom;Lieu,,,
Avec,Particule,Kasi,,"Nolett-Ille, ???, p.22",,
Tant d’année(s) passée(s),VII,Kasigaden,,"Day, 1994, p.182",,
L’âge de quelqu’un.,NI,Kasigadmaw8gan,Nom,Charland,,
Linge à vaisselle,NI,Kasijwahigan,Nom;Objet,"Day, 1994, p.181",,
Dessert,NI,Kasilawahosow8gan,Nom,"Laurent, 1884, p.29",,
Avec,Adv,Kasiwi,,"Laurent, 1884, p.88",,
Casquette,NI,Kask,Nom;Objet;Vêtement,"Wz8khilain, 1830, p.44",,
Bruant chanteur,NA,Kaskaljas,Nom;Animal;Oiseau,"Laurent, 1884, p.37",,
C’est large,VII,Kaskigen,,"Day, 1994, p.252",,
"Iris Versicolor, qui rend engourdi",NA,Kaskimokask,Nom;Plante;Fleur,"Rousseau, 1947, p. 47",,
C'est engourdi,"VAI,VII",Kaskimoo,Verbe,"Day, 1994, p.260",,
Il est large,VAI,Kaskizo,,"Day, 1994, p.252",,
Grand Héron,NA,Kasko,Nom;Animal;Oiseau,"Wz8khilain, 1830, p.45",,
Assez,Adv,Kaskwaï,,"Laurent, 1884, p.87",,
Fois (Combien de fois) - i.e. Noliwi kasta,,Kasta,,"Wz8khilain, 1830, p.45",,
Combien,,Kaswak nawa,,"Laurent, 1884, p.117",,
Fruit abbatu par le vent,NA,Kawasen,,"Laurent, 1884, p.32",,
Quelqu’un gagne.,VAI isc,Kawhoamek,,"Laurent, 1884, p.186",,
Quelquechose,NI,Kawi,,"Laurent, 1884, p.19",,
Traîneau,I?,Kawzowahdigan,,"Wz8khilain, 1830, p.64",,
Ferme quelquechose (I).,VTI;2;s;Impératif,Kbaha,,"Laurent, 1884, p.96",,
Prison,NI,Kbahodwigamikw,Nom;Lieu,"Laurent, 1884, p.40",,
Ainé,NA,Kchai,,"Laurent, 1884, p.20","Nolett-Ille, 1996, p. 22",
"Grand, Gros",,Kchi,,"Laurent, 1884, p.65",,
Parasol,NI,Kchi 8bagawatahigan,Nom;Objet,Philippe Charland,,
Route (grande rue),NI,Kchi 8wdi,Nom;Lieu,Charland,,
Grand lac,NI,Kchi Nebes,Nom;Lieu,"Wz8khilain, 1830, p.45",,
Université,,Kchi adalagakidimek,,,,
Fruit du cerisier tardif,NI,Kchi adbimen,Nom;Plante;Fruit,"Day, 1994, p.197",,
Cerisier tardif,NA,Kchi adbimenakwam,Nom;Plante;Arbre,"Day, 1994, p.197",,
Orgue ou piano,NI,Kchi l8baktahigan,,"Laurent, 1884, p.50",,
Châle,NI,Kchi moswa,,"Nolett-Ille, 1996, p.8",,
"Dieu, Le grand esprit",NA,Kchi niwaskw,,"Laurent, 1884, p.13",,
Ville,NI,Kchi odana,Nom;Lieu,"Laurent, 1884, p.89",,
Grande rivière,NA,Kchi tegw,,"Wz8khilain, 1830, p.45",,
Rat,NA,Kchi w8bikwsos,Nom;Animal;Mammifère,"Nolett-Ille, 1996, p.42",,
Lampadaire,NI,Kchi wasakwlhanigan,Nom;Objet,Philippe Charland,,
Million (nombre),Numéral,Kchi-ngwed8mkwaki,Numéral,"Laurent, 1884, p.76",,
Tu vend quelquechose (A) de défini à quelqu'un.,VTAd,Kd'8nkolh8n,,"Laurent, 1884, p.71",,
Vous faites (occupation) (nombre défini),VAI,Kd'alalokaba,,"Laurent, 1884, p.92",,
Vous faites (occupation) (nombre indéfini),VAI,Kd'alalokhediba,,"Laurent, 1884, p.92",,
Tu commandais quelquechose (A) d'indéfini.,VTA;2;,Kd'alokamib,,"Laurent, 1884, p.72",,
Tu vas,,Kd'alosa,,,,
Vous allez,,Kd'alosaba,,,,
Nous allons (inclusif),,Kd'alosabna,,,,
Vous nourrissez quelqu'un (A) ou quelquechose de défini.,VTAd,Kd'asam8w8,,"Laurent, 1884, p.71",,
Vous nourririez quelqu'un (A) ou quelquechose de défini.,VTAd,Kd'asam8w8ba,,"Laurent, 1884, p.71",,
Tu m'attends,,Kd'askawihi,,"Nolett-Ille, 1996, p.2",,
Je t'attends,,Kd'askawihol,,"Nolett-Ille, 1996, p.2",,
Tu dis quelquechose (I) de défini,VTId,Kd'idamen,,"Laurent, 1884, p.93",,
Il coule,,Kdahla,,"Wz8khilain, 1830, p.45",,
L’autre,Pronom,Kdak,,"Nolett-Ille,1996, p.4",,
"Terre, le globe",NI,Kdakina;Kdakinna,,"Wz8khilain, 1830, p.43",,
Pitié,NI,Kdem8galdow8gan,Nom,"Laurent, 1884, p.13",,
Charité,NI,Kdem8galgaw8gan,Nom,"Laurent, 1884, p.14",,
Hululement,NA,Kdokwazit,,"Masta, 1932, p.17",,
Mésange,NA,Kejegigilhasis,Nom;Animal;Oiseau,"Laurent, 1884, p.37",,
"Ortie, fruit de la bardane, chardon, poux.",NA,Kejigos,Nom;Plante,"Day, 1994, p.190",Voir Rousseau.,
Fièvre,NI,Kezabzow8gan,,"Laurent, 1884, p.24",,
Toi,PP,Kia,,"Wz8khilain, 1830, p.83",,
"En toi, à toi, de toi",Pronom personnel,Kiakta,,"Wz8khilain, 1830, p.88",,
Lui-même,Pronom personnel,Kiatta,,"Wz8khilain, 1830, p.84",,
Ami (Ton),NA,Kid8ba,,,,
Ami (Notre inclusif),NA,Kid8bana,,,,
Ami (Votre ami),NA,Kid8baw8,,,,
Guêtre,NI,Kigan8bi,,"Wz8khilain, 1830, p.59",,
Champ,NI,Kik8n,Nom;Lieu,"Wz8khilain, 1830, p.45",,
Sème,VAI,Kika,,"Laurent, 1884, p.182",,
Semez,VAI,Kikagw,,"Laurent, 1884, p.182",,
Contre (positionnement),Adv,Kikajiwi,,"Laurent, 1884, p.88",,
Mai,NA,Kikas,,"Wz8khilain, 1830, p.89",,
Vous (indéfini),Pronom personnel,Kilw8w8,Pronom,"Wz8khilain, 1830, p.83",,
"Espion, celui qui se promène secrètement",VAI;3;s;Présent;Participe,Kimskasit,Nom;Personne,"Day, 1994, p.201",,
Un homme brave/courageux.,NA,Kin8ba,Nom;Personne,"Day, 1994, p.203",,
C'est une pente vers le haut qui est très abrupte.,VII;3;s;présent,Kin8ka,Verbe,"Day, 1994, p.204",,
C'est une pente vers le base qui est très abrupte.,VII;3;s;présent,Kin8ko,Verbe,"Day, 1994, p.204",,
De fortes vagues ou beaucoup de vagues,VII;3;s;présent,Kinategw,Verbe,"Day, 1994, p.201",,
"Fort, Beaucoup, Brave, Très",Préverbe;Particule,Kini,,"Masta, 1932, p.66",,
Il est très gras,VAI;3;s;Présent,Kinig8mo,,"Laurent, 1884, p.117",,
Roi,NA,Kinjames,,"Wz8khilain, 1830, p.51",,
Chateau,NI,Kinjamesgamikw,Nom;Lieu,"Laurent, 1884, p.40",,
Il vente fort,VII;3;s;présent,Kinl8msen,Verbe,"Laurent, 1884, p.115",,
Voyageur,NA,Kiodawinno,Nom;Personne,"Laurent, 1884, p.9",,
Nous (inclusif),Pronom personnel,Kiona,,"Wz8khilain, 1830, p.83",,
Nous-même (inclusif),Pronom personnel,Kionatta,,"Wz8khilain, 1830, p.84",,
Vous (Défini),Pronom personnel,Kiow8,,"Wz8khilain, 1830, p.83",,
Vous-même,Pronom personnel,Kiow8tta,,"Wz8khilain, 1830, p.84",,
Mois,NA,Kisos,,"Laurent, 1884, p.20",,
Quelqu'un décide quelquechose.,VTIi,Kist8zik,,"Laurent, 1884, p.88",,
J’erre (nom un géant mythique avec estomac de glace qui fait de lui un cannibal),VAI,Kiwakwa,,"Day, 1994, p.207",,
C'est le jour,VII;3;s;présent,Kizgat,,,"Nolett-Ille, 1996, p.2",
"Après,Passé,Déjà produit",Adj,Kizi,,"Laurent, 1884, p.86",,
Peux… (faire une action),Préverbe,Kizi,,"Nolett-Ille, 2006, p.51",,
Tu as vendu quelquechose (A) de défini à quelqu'un.,VTAd,Kizi kd'8nkolh8n,,"Laurent, 1884, p.71",,
J'ai vendu quelquechose (I) d'indéfini à quelqu'un.,VTIi,Kizi nd'8nkolh8,,"Laurent, 1884, p.71",,
Après-midi,NA,Kizi paskwa,,"Day, 1994, p.80",,
Jour,NI,Kizokw,,"Wz8khilain, 1830, p.45",,
Soleil,NA,Kizos,,"Wz8khilain, 1830, p.45",,
Il fait soleil,VAI;3;s;Présent,Kizosoo,,"Laurent, 1884, p.104",,
Lundi,VII,Kizsanda,,"Laurent, 1884, p.19",,
Poupée,NI,Kjok8n,,"Nolett-Ille, 1996, p.39",,
C'est glacé,VII;3;s;présent,Kladen,,"Wz8khilain, 1830, p.46",,
Crème glacée,NI,Kladenilaklam,Nom,Charland,,
Trappe en bois,NI,Klahigan,,"Laurent, 1884, p.48",,
Gel (le),NI,Klajmow8gan,,"Wz8khilain, 1830, p.46",,
Porte,NI,Klh8gan,,"Laurent, 1884, p.88",,
Parlez à quelqu'un.,VTA;2;p;Impératif,Klol8gw,,"Laurent, 1884, p.183",,
Quelqu'un parle à quelqu'un.,VTA isc,Klol8mek,,"Laurent, 1884, p.183",,
Parle à quelqu'un.,VTA;2;s;impératif,Klola,,"Laurent, 1884, p.183",,
Parlez.,VAI;2;p;Impératif,Kloligw,,"Laurent, 1884, p.183",,
Parle.,VAI;2;s;Impératif,Klozi,,"Laurent, 1884, p.183",,
Quelqu'un parle.,VAI isc,Klozimek,,"Laurent, 1884, p.183",,
"Discours,Parole,Mot",NI,Klozow8gan,,"Nolett-Ille, ????, p.78",,
Pou,NA,Km8,Nom;Animal;Insecte,"Day, 1994, p.253",,
Ancêtres (Nos),NA,Kmahomnogak,,"Nolett-Ille, 1996, p.2",,
Pin blanc,NA,Koa,Nom;Plante;Arbre,"Laurent, 1884, p.203",,
Sapin baumier,NA,Kokokh8akw,Nom;Plante;Arbre,"Laurent, 1884, p.32",,
"Nom commun pour grand hibou, nom spécifique de la chouette rayée.",NA,Kokokhas,Nom;Animal;Oiseau,"Wz8khilain, 1830, p.51","Nolett-Ille, 1996, p.6",
Bouilloire,NA,Kokw,,"Wz8khilain, 1830, p.44",,
Écossais,NA,Koswak,,"Laurent, 1884, p.53",,
Le gaélique écossais,NI,Koswaki8dwaw8gan,,"Laurent, 1884, p.53",,
Chèvre,NA,Kots,Nom;Animal;Mammifère,"Wz8khilain, 1830, p.44",,
Quelquechose (I) est épais.,VII;3;s;présent,Kpaga,,,,
Ce (I) qui est épais.,Adj,Kpagak,,"Laurent, 1884, p.68",,
Épais,Particule,Kpagi,,"Laurent, 1884, p.65",,
Ce (A) qui est épais.,Adj,Kpagizit,,"Laurent, 1884, p.68",,
Bois (dans le bois),NI,Kpiwi,Nom;Lieu,"Wz8khilain, 1830, p.46",,
Bateau,NI,Ktolagw,,"Wz8khilain, 1830, p.46",,
Beaucoup,,Kuina,,"Laurent, 1884, p.98",,
Dehors,Adv,Kwajmiwi,,"Laurent, 1884, p.87",,
Durant,Préposition,Kwani,,"Laurent, 1884, p.88",,
Toute l’année,"VII, conjonctif",Kwanigadek,,"Nolett-Ille,1996, p.2",,
Toute la semaine,VII,Kwanisandak,,"Nolett-Ille, ???, p.208",,
Poire,NA,Kwanowagazit aples,Nom;Plante;Fruit,"Day, 1994, p.225",,
"Exactement, juste, assez, correct.",Particule,Kwaskwai,,"Laurent, 1884, p.103",,
Tasse,NA,Kwat,,"Wz8khilain, 1830, p.44",,
Tasse,NA,Kwatsis,,"Nolett-Ille, 1996, p.48",,
Bonjour,,Kwaï,,,,
Derrière,Adv,Kwelbiwi,,"Laurent, 1884, p.88",,
Quelquechose (I) est long (dans le temps),VII;Z,Kwena,,"Nolett-Ille,???, p.134",,
Longuement (dans le temps),Adv,Kwenawi,,Philippe Charland,,
Brochet,NA,Kwenoza,Nom;Animal;Poisson,"Wz8khilain, 1830, p.47",,
Ceinture,NI,Kwetgwabizon,Nom;Objet;Vêtement,"Wz8khilain, 1830, p.60",,
Nom commun pour un canard. Nom spécifique du Canard noir.,NA,Kwigwigem,Nom;Animal;Oiseau,"Nolett-Ille, 1996, p.7","Laurent, 1884, p.37",
Merle d'amérique,NA,Kwikweskas,Nom;Animal;Oiseau,"Wz8khilain, 1830, p.55",,
"Beaucoup, Grand",Particule,Kwina,,"Day, 1994, p. 232","Nolett-Ille, 1996, p.7",
"Vraiment beaucoup, très grand",Particule,Kwinata,,"Day, 1994, p. 232",,
Bouillon,NI,Kz8bo,,"Wz8khilain, 1830, p.45",,
C’est (A) précieux,VAI,Kz8wado,,"Wz8khilain, 1830, p.50",,
C’est (I) précieux,VII,Kz8wado,,"Wz8khilain, 1830, p.50",,
Précieusement,Adv,Kz8wadowi,,"Day, 1994, p. 196",,
C'est un bâton chaud,VII;3;s;présent,Kzabakweda,,,,
C'est de l'eau chaude,VII;3;s;présent,Kzabata,,,,
Il fait chaud,VII;3;s;présent,Kzabda,,"Wz8khilain, 1830, p.45",,
Fièvre,NI,Kzabzow8gan,,"Day, 1994, p.194",,
Quelqu'un aime quelquechose (I).,VTI,Kzald8zik,,"Laurent, 1884, p.185",,
Aime quelquechose (I).,VTI,Kzalda,,"Laurent, 1884, p.185",,
Celui qui aime quelquechose (I),VAI;3;s;présent;Conjoint,Kzaldak,,,,
Aimez quelquechose (I).,VTI,Kzaldamogw,,"Laurent, 1884, p.185",,
Aime.,VAI,Kzalga,,"Laurent, 1884, p.185",,
Aimez.,VAI,Kzalgagw,,"Laurent, 1884, p.185",,
Quelqu'un aime.,VAI isc,Kzalgamek,,"Laurent, 1884, p.185",,
Quelqu'un aime quelqu'un ou quelquechose (A).,VTA,Kzalm8mek,,"Laurent, 1884, p.185",,
Celui qui aime quelque'un ou quelquechose (A),VAI;3;s;présent;Conjoint,Kzalm8t,,,,
Aime quelqu'un ou quelquechose (A).,VTA,Kzalma,,"Laurent, 1884, p.185",,
Soit aimé.,VAI,Kzalmegwzi,,"Laurent, 1884, p.177",,
Soyez aimé.,VAI,Kzalmegwzigw,,"Laurent, 1884, p.177",,
Quelqu'un est aimé.,VAI isc,Kzalmegwzimek,,"Laurent, 1884, p.177",,
Aimez quelqu'un ou quelquechose (A).,VTA,Kzalmogw,,"Laurent, 1884, p.185",,
Il vente,VII;3;s;présent,Kzel8msen,,"Wz8khilain, 1830, p.50",,
La chose va vite,VII;3;s;présent,Kzihla,Verbe,"Laurent, 1884, p.114",,
Bretelles,NI,L8bakhigan,Nom;Vêtement,"Wz8khilain, 1830, p.66",,
Violon,NI,L8baktahigan,Nom;Objet,"Laurent, 1884, p.50",,
"Regarde, vois",VAI;2;s;Impératif,L8bi,Verbe,"Day, 1994, p.277",,
"Lunette téléscopique, jumelles",NI,L8bodi,Nom;Objet,"Wz8khilain, 1830, p.55",,
Escalier ou échelle,NI,L8daw8gan,Nom;Objet,"Laurent, 1884, p.277",,
Langue (le language),NI,L8dwaw8gan,Nom,"Masta, 1932, p.48",,
Patin,NI,L8gemapozow8gan,Nom;Objet,"Day, 1994, p.277",,
L’adoration,NI,L8gitowadw8gan,Nom,"Laurent, 1884, p.14",,
Une heure,NI,L8mkipoda,Nom,"Day, 1994, p.278",,
Humeur,NI,L8wzow8gan,Nom,"Day, 1994, p.279",,
Barbotte,NA,Labaldod,Nom;Animal;Poisson,???,,
Bière,NI,Labial,Nom,"Laurent, 1884, p.30",,
Bouteille de bière,NA,Labialipotaïa,Nom,Philippe Charland,,
Jupe,NI,Labizowan,Nom;Objet;Vêtement,"Nolettt-Ille, 1996, p.26",,
Lait bouilli,NI,Laboia,Nom;Objet;Nourriture,"Day, 1994, p.262",,
"Un geste, une action",NI,Ladakaw8gan,Nom,"Laurent, 1884, p.24",,
Galette,NA,Lagalat,Nom;Objet;Nourriture,"Day, 1994, p.263",,
Ragoût,NI,Lago,Nom;Objet;Nourriture,"Laurent, 1884, p.29",,
Vers (en direction de),Adv,Lagwiwi,,"Laurent, 1884, p.88",,
Famille,NA,Lakamigwezo,Nom;Personne,"Day, 1994, p.265",,
Charrue,NI,Lakaz8w8gan,Nom;Ferme,"Laurent, 1884, p.54",,
Crème,NI,Laklam,Nom;Objet;Nourriture,"Wz8khilain, 1830, p.47",,
La voix,NI,Lal8mow8gan,Nom,"Laurent, 1884, p.23","Nolett-Ille, 1996, p.26",
Lampe,NI,Lal8p,Nom;Objet;Maison,"Wz8khilain, 1830, p.47",,
Laine (De la),NI,Lalan,Nom;Objet,"Day, 1994, p.266",,
Rhubarbe,NI,Lalubab,Nom;Fruit,"Day, 1994, p.267",,
Perchaude,NA,Lapalsot,Nom;Poisson,"Day, 1994, p.267",,
Semaine,NI,Lasanda,Nom,"Nolett-Ille, ???, p.208",,
Rapporter à plus tard,VTI,Lato,,"Day, 1994, p.268",,
Rêve,NA,Legwasow8gan,,"Wz8khilain, 1830, p.61",,
Quelqu’un pétrit,VAI isc,Lejagenigamek,,,,
Bannique (la chose que l’on pétrit),NI,Lejagenigan,,"Day, 1994, p.269",,
Coffre,NI,Lesagahigan,,"Wz8khilain, 1830, p.65",,
Pont,NI,Lesagw8gan,Nom;Lieu,"Laurent, 1884, p.41",,
Le temps (emprunt du français),NI,Let8,Nom,"Day, 1994, p.270",,
"À, Vers, Jusqu’à,  Comme",Préposition,Li,,"Laurent, 1884, p.109","Masta, 1932, p.55",
Année (l'),NI,Lidagen,,"Nolett-Ille, 1996, p.2",,
Pense/présume quelquechose (I).,VTI,Lidah8da,,"Laurent, 1884, p.183",,
Pensez/présumez quelquechose (I).,VTI,Lidah8damogw,,"Laurent, 1884, p.183",,
Quelqu'un pense quelquechose de quelqu'un,VTA,Lidah8m8mek,,"Day, 1994, p.271",,
Pense/présume quelquechose (A),VTA,Lidah8ma,,"Laurent, 1884, p.183",,
Pense/présume quelquechose (A).,VTA,Lidah8ma,,"Laurent, 1884, p.183",,
Pense/présume quelquechose (A) à propos de moi,VTA,Lidah8mi,,"Wz8khilain, 1832, p.13",,
Pensez/présumez quelquechose (A).,VTA,Lidah8mogw,,"Laurent, 1884, p.183",,
Pense/présume.,VAI,Lidah8zi,,"Laurent, 1884, p.183",,
Pensez/présumez.,VAI,Lidah8zigw,,"Laurent, 1884, p.183",,
Idée,NI,Lidah8zow8gan,,"Nolett-Ille, 1996, p.24",,
Affaire,NI,Lidw8gan,,"Laurent, 1884, p.55",,
C’est l’année de temps,VII,Ligaden,,"Nolett-Ille, 1996, p.2",,
Âge (l'),NI,Ligadmaw8gan,,"Nolett-Ille, 1996, p.1",,
Dé à coudre,NI,Ligw8ns8gan,,"Laurent, 1884, p.11",,
Coud,VAI,Ligw8nsa,,"Laurent, 1884, p.182",,
Cousez,VAI,Ligw8nsagw,,"Laurent, 1884, p.182",,
Coud quelquechose (I),VTI,Ligwa,,"Laurent, 1884, p.182",,
Cousez quelquechose (I),VTI,Ligwamogw,,"Laurent, 1884, p.182",,
Cousez quelquechose (A),VTA,Ligwaogw,,"Laurent, 1884, p.182",,
Coud quelquechose (A),VTA,Ligwawa,,"Laurent, 1884, p.182","Nolett-Ille, 1996, p.45",
Scie,NI,Ligz8w8gan,,"Wz8khilain, 1830, p.61",,
Nouvelle (ce qui est entendu),VII,Lit8gwat,,"Day, 1994, p.274",,
Nom,NI,Liwizow8gan,,"Nolett-Ille, 1996, p.33",,
Quelquechose (I) à de la valeur.,VII;3;s;présent,Ll8wado,Verbe,"Laurent, 1884, p.110",,
C'est vrai/C'est un fait/C'est correct,VII;3;s;présent,Lla,,"Day, 1994, p.275",,
Jusqu'à,Préposition,Lli,,"Laurent, 1884, p.89",,
Va (plus particulièrement à pied),VAI,Losa,,"Day, 1994, p.275",,
Allons quelquepart.,VAI;1;p;impératif,Losada,,"Wz8khilain, 1830, p.19",,
Va chercher quelqu'un ou quelquechose (A),VTA,Losadawa,,"Day, 1994, p.275",,
Quelqu'un va quelquepart.,VAI isc,Losamek,,"Laurent, 1884, p. 111",,
Singe,NA,M8gis,,"Wz8khilain, 1830, p.49",,
Commence à pagayer.,VAI;2;s;Impératif,M8jabia,Verbe,"Day, 1994, p.328",,
Quelqu’un emporte quelquechose (I),VTI,M8jad8zik,,"Laurent, 1884, p.186",,
Grandis,VAI;2;s;Impératif,M8jagi,,"Day, 1994, p.329",,
Quelqu'un grandit.,VAI isc,M8jagimek,,"Day, 1994, p.329",,
Quelqu’un emporte quelquechose (A),VTA,M8jal8mek,,"Laurent, 1884, p.186",,
Commençons,,M8jana,,,,
Quelqu'un commence/part.,VAI isc,M8jimek,,"Laurent, 1884, p.187",,
Entrée (repas),NI,M8jimijow8gan,Nom,Charland,,
Thuya,NA,M8l8dagw,Nom;Plante;Arbre,"Laurent, 1884, p.32",,
Eupatoire perfoliée,NI,M8l8dagwinebizon,Nom;Plante,"Rousseau, 1947, p. 46",,
Raisin,NI,M8l8gwimen,Nom;Plante;Fruit,"Wz8khilain, 1830, p.60",,
Vigne de raisin,NA,M8l8gwimenakwam,Nom;Plante,"Day, 1994, p.332",,
Raisin sauvage,NI,M8l8gwimenis,Nom;Plante;Fruit,"Day, 1994, p.332",,
Ostryer de virginie,NA,M8laloskw,Nom;Plante;Arbre,"Day, 1994, p.330",,
Perchaude,NA,M8lamagws,,"Day, 1994, p.331",,
Achigan,NA,M8lazigan,,???,"Nolett-Ille, 1996, p.27",
Loup,NA,M8lsem,,"Wz8khilain, 1830, p.47",,
Rapidement dans le sense de grossièrement ou à la va-vite.,Adv,M8m8gwiwi,,"Day, 1994, p.333",,
Calico (Robe en cotton),NI,M8m8lagen,,"Laurent, 1884, p.27",,
Quelquechose (I) est rayé.,VII;G,M8m8ligen,,"Day, 1994, p.333",,
Rivière utilisée par tout le monde ou rivère commune.,NI,M8m8wategw,,"Day, 1994, p.333",,
Argent (de l'),NA,M8ni,,"Laurent, 1884, p.41",,
Banque,NI,M8nigamikw,Nom;Lieu,"Nolett-Ille, 1996, p.5",,
Centre de santé communautaire,NI,M8wis8glamalsowigamikw,Nom;Lieu,,,
Guerre,NI,Mad8bakw,,"Wz8khilain, 1830, p.54","Nolett-Ille, 1996, p.36",
Peau (tannée d'un animal),NI,Madagen,,"Laurent, 1884, p.70",,
Cuir,NI,Madageniia,Nom,"Masta, 1932, p.282",,
Chauve-Souris,NA,Madagenilhas,Nom;Animal;Mammifère,"Laurent, 1884, p.37",,
"Un esprit mauvais, un diable",NA,Madah8do,Nom;Personne,"Laurent, 1884, p.210",,
Indisposition,NI,Madamalsow8gan,,"Laurent, 1884, p.24",,
Pellette de la neige.,VAI,Mag8lhiga,,"Day, 1994, p.285",,
Pellettez de la neige.,VAI,Mag8lhigagw,,"Day, 1994, p.285",,
Quelqu'un pellette de la neige.,VAI isc,Mag8lhigamek,,"Day, 1994, p.285",,
Pelle à neige,NI,Mag8lhigan,,"Day, 1994, p.285",,
Caribou,NA,Mag8libo,,"Laurent, 1884, p.36",,
L'action de pelleter,NI,Mag8ligaw8gan,,"Day, 1994, p.285",,
Fait don de quelquechose,VAI,Maga,,"Laurent , 1884, p.186",,
Faites don de quelquechose,VAI,Magakw;Magaakw;Magagw,,"Laurent , 1884, p.186",,
Quelqu’un fait don de quelquechose.,VAI isc,Magamek,,"Laurent , 1884, p.186",,
Donner,,Magaw8gan,,,,
Kanien'kehá:ka (Iroquois),NA,Magwa,,"Day, 1994, p.286","Nolett-Ille, 1996, p.21",
Jaseur d'Amérique,NA,Magwasis,Nom;Animal;Oiseau,"Day, 1994, p.286",,
"Correct, exact, satisfaisant",Particule,Mah8wi,,"Day, 1994, p.299",,
"Ce (I) qui est correct, exact",VII;3;s;présent,Mah8wigek,Adjectif,"Day, 1994, p.299",,
"Quelquechose (I) qui est correct, exact",VII;3;s;présent,Mah8wigen,Adjectif,"Day, 1994, p.299",,
"Exactement, juste, assez, correct.",Adv,Mah8wiwi,Adverbe,"Day, 1994, p.299",,
Frêne noir,NA,Mahlakws,Nom;Plante;Arbre,"Wz8khilain, 1830, p.47",,
Malchance (la),NI,Majalmegwzow8gan,,"Nolett-Ille, 1996, p.29","Laurent, 1884, p.65",
"Mal, Mauvais, Méchant",,Maji,,"Wz8khilain, 1830, p.54",,
Quelquechose (I) est mauvais.,VII,Majigen,,"Laurent, 1884, p.65",,
"La laideur, la malice",NI,Majigow8gan,,"Laurent, 1884, p.24",,
Il fait une mauvaise température,VII,Majikizgat,Verbe,Charland,,
"Pour toujours, continuellement",Adverbe,Majimiwi,,"Aubéry-Laurent, 1995, p.503",,
Maquereau,NA,Makelo,,"Laurent, 1884, p.39",,
Vin,NI,Makwbagak,,"Laurent, 1884, p.30","Nolett-Ille, 1996, p.29",
Marteau,NI,Malto,,"Wz8khilain, 1830, p.47",,
Grand pic,NA,Mama,,"Laurent, 1884, p.37",,
Torture (aussi utilisé pour la passion du christ),NI,Mamagahodw8gan,Nom,"Laurent, 1884, p.13",,
Crapaud,NA,Mamaska,,"Laurent, 1884, p.39",,
Avec moquerie,Participle,Mamesani,,"Day, 1994, p.293",,
Papillon,NA,Mamij8la,,"Wz8khilain, 1830, p.60",,
La haute-mer,VII;3;s;présent,Mamili sobagwa,Verbe,"Laurent, 1884, p.15",,
Quai,NI,Mamilitigan,Nom;Lieu,"Laurent, 1884, p.112",,
Au large,Adv,Mamiliwi,,"Day, 1994, p.294",,
Cornouiller soyeux; petit bâton rouge,VII Participe,Mamkwakwsek,Nom;Plante,"Rousseau, 1947, p. 42",,
Betterave,NA,Mamkwakwzid,,"Day, 1994, p.295","Nolett-Ille, 1996, p.2",
bétterave ou radis,VAI Participle,Mamkwakwzit,Nom;Plante,"Rousseau, 1947, p. 42",,
Araignée,NA,Mamselabika,,"Laurent, 1884, p.39",,
"Énorme, Vaste",,Mamsi,,"Laurent, 1884, p.65",,
Arc-en-ciel (un),NA,Managw8n,,"Laurent, 1884, p.105",,
"Lent, Lentement",Particle,Manni,,"Day, 1994, p.297",,
Mouche à chevreuil,NA,Masezakwa,,"Nolett-Ille,???, p.150",http://www.mfw.us/blog/wp-content/uploads/2020/04/EditedAbenakiDictionaryNEWNEW.pdf,
Silex,NI,Masipskw,,"Wz8khilain, 1830, p.47",,
Crapaud,NA,Maska,,"Laurent, 1884, p.39","Nolett-Ille, 1996, p.12",
Crapaud,NA,Maskka;Maska,,"Wz8khilain, 1830, p.47","Nolett-Ille, 1996, p.11",
Couverture,NI,Masksa;Maksa,,"Wz8khilain, 1830, p.47","Nolett-Ille, 1996, p.15",
Écorce de bouleau,NI,Maskwa,,"Wz8khilain, 1830, p.47",,
Bouleau à papier,NA,Maskwamozi,Nom;Plante;Arbre,"Wz8khilain, 1830, p.60",,
Fruit du cerisier de Pennsylvanie,NI,Maskwazimen,,"Wz8khilain, 1830, p.29",,
Cerisier de pennsylvanie,NA,Maskwazimenakwam,,"Laurent, 1884, p. 32",,
Maskinongé,NA,Maskwenoza,,"Day, 1994, p.302",,
Fougère,NI,Masozi,Nom;Plante,"Laurent, 1884, p.32",,
"La maigreur, la minceur ",NI,Mat8lawzow8gan,,"Laurent, 1884, p.23","Nolett-Ille, 1996, p.27",
Lièvre,NA,Matgwas,,"Laurent, 1884, p.36","Nolett-Ille, 1996, p.27",
Lapin,NA,Matgwas;Mategwas;Matguas,,"Wz8khilain, 1830, p.49",,
Brûlons quelquechose (A),VTA;1;p;impératif,Matkazaz8da,,"Day, 1994, p.304",,
Quelqu'un brûle quelquechose (A),VTA isc,Matkazaz8mek,,"Day, 1994, p.304",,
Brûle quelquechose (A),VTA;2;s;impératif,Matkazaza,,"Day, 1994, p.304",,
Brûlez quelquechose (A),VTA;2;p;impératif,Matkazazokw,,"Day, 1994, p.304",,
Chanvre sauvage,NI,Maz8n,,"Wz8khilain, 1830, p.47",,
Dix (nombre),Numéral,Mdala,Numéral,"Laurent, 1884, p.74",,
Dix million (nombre),Numéral,Mdala kasta kchi-ngwed8mkwaki,Numéral,"Laurent, 1884, p.76",,
Guêtres/Bas,NID,Mdas,Nom;Objet;Vêtement,"Wz8khilain, 1830, p.47","Nolett-Ille, 1996, p.1",
Drapeau,NI,Mdawagen,,"Nolett-Ille, 1996, p.15",,
Poteau de médecine,NA,Mdawakwam,Nom,"Day, 1994, p.307",,
Huart,NI,Mdawilha,Nom;Animal;Oiseau,"Day, 1994, p. 307",,
"Personne avec des pouvoirs (une personne avec connaissances mystiques et médecine, sorcier)",NA,Mdawlinno,Nom;Personne,"Masta, 1932, p.282",,
Mal de tête,NI,Mdepinaw8gan,,"Laurent, 1884, p.24",,
Alêne,NA,Megos,,"Nolett-Ille, 1996, p.1",,
Mitaine,NAD,Meljas,Nom;Objet;Vêtement,"Laurent, 1884, p.70",,
Quelqu'un trouve quelqu'un ou quelquechose (A),VTA isc,Meskaw8mek,,"Laurent, 1884, p.114","Nolett-Ille, 1996, p.5",
Une chose choisie,NI,Mgenigan,Nom,"Laurent, 1884, p.114",,
Une personne choisie - le meilleur choix,NA,Mgenigan,Nom,"Laurent, 1884, p.114",,
"Nom commun pour aigle, nom spécifique du pygarge à tête blanche.",NA,Mgezo,,"Laurent, 1884, p.37","Nolett-Ille, 1996, p.29",
Marais,NI,Mgoakw,,"Wz8khilain, 1830, p.47",,
Bataille,NI,Migakaw8gan,,"Wz8khilain, 1830, p.65","Nolett-Ille, 1996, p.38",
Plume,NA,Miguin;Migwen,,"Laurent, 1884, p.61",,
Plume,NA,Migwen,,,,
Provisions,NI,Mijow8gan,,"Laurent, 1884, p.63",,
Provision,NI,Mijw8gan,,"Wz8khilain, 1830, p.54",,
Tortue d'eau,NA,Mikinakw,,"Laurent, 1884, p.215","Nolett-Ille, 1996, p.15",
Écureuil,NA,Mikwa,,"Laurent, 1884, p.36",,
Faites don de quelquechose (I),VTI,Mildiakw,,"Day, 1994, p.318",,
Donne-moi,,Mili,,"Nolett-Ille, 1996, p.14",,
Confiture,NI,Min8bo,,"Laurent, 1884, p.30",,
C'est violet,,Min8bowigen,,"Laurent, 1884, p.45","Nolett-Ille, 1996, p.16",
Encore (idée de répétition),,Mina,,"Wz8khilain, 1830, p.47",,
Quoique,Conjonction,Minagwiba,,"Laurent, 1884, p.90",,
À nouveau,Adv,Minawiwi,,"Day, 1994, p.319",,
Fruit (baie et graines),AN,Mink8gan,,"Day, 1994, p.320",,
Boisseau,NI,Minot,,"Wz8khilain, 1830, p.47",,
Chat,NA,Minowis,,"Nolett-Ille, 1996, p.9",,
Chat,NA,Minwiz,,"Wz8khilain, 1830, p.47",,
Péllicules,,Mizwa,,"Wz8khilain, 1830, p.47",,
Ame,NI,Mjejakw,,"Nolett-Ille, 1996, p.2",,
Ongle,NA,Mkaz,,"Laurent, 1884, p.26","Nolett-Ille, 1996, p.8",
Charbon,NI,Mkaza,,"Wz8khilain, 1830, p.47",,
Corneille,NA,Mkazas,Nom;Animal;Oiseau,"Laurent, 1884, p.37",,
C'est noir,VII,Mkazawigen,,"Laurent, 1884, p.45","Nolett-Ille, 1996, p.46",
Soulier,NI,Mkezen,Nom;Objet;Vêtement,"Wz8khilain, 1830, p.44",,
Cuir à mocassin,NI,Mkezenadagen,Nom,"Day, 1994, p.309",,
Brique,NI,Mkwapskwis,,"Day, 1994, p. 322","Laurent, 1884, p.44",
C'est rouge,VII,Mkwigen,,"Wz8khilain, 1830, p.49","Nolett-Ille, 1996, p.30",
Piranga écarlante,NA,Mkwimins,Nom;Animal;Oiseau,"Rasles, 1831, p.384",,
Genévrier de Virginie,VAI;3;s;Présent,Mkwisagezo,Nom;Plante;Arbre,"Day, 1994, p.323",,
Mélasse,NI,Mlases,,"Wz8khilain, 1830, p.46","Nolett-Ille, 1996, p.20",
Fort,,Mliki,,"Laurent, 1884, p.65",,
Ce (I) qui est fort.,Adj,Mlikigek,,"Laurent, 1884, p.67",,
Spiritueux,NI,Mlikigek kadosmow8gan,,"Laurent, 1884, p.72",,
Quelquechose (I) est fort.,VII;3;s;présent,Mlikigen,,"Laurent, 1884, p.65",,
Ce (A) ou celui qui est fort.,Adj,Mlikigit,,"Laurent, 1884, p.67",,
Pleur,NI,Mlisjaw8gan,,"Nolett-Ille,????, p.177","Nolett-Ille, 1996, p.24",
Ile,NI,Mnahan;Menahan,,"Wz8khilain, 1830, p.47",,
Nuagle isolé,NA,Mnaskw,,"Laurent, 1884, p.17","Nolett-Ille, 1996, p.44",
Un nuage isolé,NA,Mnasokw,Nom,"Day, 1994, p.312",,
Sac,NI,Mnoda,,"Wz8khilain, 1830, p.47",,
C’est profond,VII,Mol8gen,,"Wz8khilain, 1830, p.54",,
Montréal,NI,Molian,,"Laurent, 1884, p.51","Laurent, 1884, p.36",
Vison,NA,Mosbas,,"Wz8khilain, 1830, p.47","Nolett-Ille, 1996, p.42",
Rat musqué,NA,Moskwas,,"Wz8khilain, 1830, p.47",,
Viande de rat musqué,NI,Moskwasiia,Nom,Philippe Charland,,
Acore odorant (Acorus calamus),NI,Moskwaswaskw,Nom;Plante,"Laurent, 1884, p.32","Nolett-Ille, 1996, p.32",
Fourrure de rat musqué,NI,Moskwaswawa,Nom,Philippe Charland,,
Mouchoir,NI,Moswa,,"Wz8khilain, 1830, p.54",,
Orignal,NA,Moz,,"Wz8khilain, 1830, p.44",,
Perle,NI,Moz8bi,,"Masta, 1932, p.56",,
Peau d’orignal sans poil.,,Mozagen,,,,
Peau d’orignal avec fourrure.,,Mozawa,,,"Nolett-Ille, 1996, p.51",
Vison,NA,Mozbas,,"Masta, 1932, p. 54",,
Viande d'orignal,NI,Moziia,,"Laurent, 1884, p.63",,
Abondance  ou production d’orignaux.,VAI;3;s;Présent,Mozika,,"Laurent, 1884, p.117",http://www.mfw.us/blog/wp-content/uploads/2020/04/EditedAbenakiDictionaryNEWNEW.pdf,
Fruit de Viburnum Alnifolium,NI,Mozmen,,"Wz8khilain, 1830, p.47",,
Bois d’orignal (Viburnum Alnifolium),NI,Mozmenakwam,Nom;Plante,"Rousseau, 1947, p. 45",,
Sorbier d’amérique,NA,Mozmezi,Nom;Plante;Arbre,"Day, 1994, p.327",,
Mars,NA,Mozokas,,"Wz8khilain, 1830, p.89",,
Gros,Particule,Msagi,,"Nolett-Ille, 1996, p.23",,
Quelquechose (I) est gros.,VII,Msagigen,,"Day, 1994, p.336",,
Ce [A] ou celui qui est grand.,Adj,Msagilek,,"Laurent, 1884, p.69",,
Ce [I] qui est grand.,Adj,Msagwikwek,,"Laurent, 1884, p.69",,
Plusieurs (A),Adj,Msali,,"Masta, 1932, p.22",,
Plusieurs (I),Adj,Msalto,,"Nolett-Ille,1996, p.5",,
Boa,NA,Msaskog,,"Laurent, 1884, p.39",,
Épinette blanche,NA,Msazeso,Nom;Plante;Arbre,"Laurent, 1884, p.33",,
"Énorme, Vaste",,Msi,,"Laurent, 1884, p.65",,
Un soupir,NI,Msinasaw8gan,Nom,"Laurent, 1884, p.23",,
Épinette noire,NA,Mskak,Nom;Plante;Arbre,"Wz8khilain, 1830, p.44",http://www.mfw.us/blog/wp-content/uploads/2020/04/EditedAbenakiDictionaryNEWNEW.pdf,
Marécage,A?,Mskakw,,"Wz8khilain, 1830, p.44",,
Racine de nénuphar,NA,Mskata,Nom;Plante,"Wz8khilain, 1830, p.45",,
Foin/Herbe/Gazon,NI,Mskiko,,"Wz8khilain, 1830, p.45","Nolett-Ille, 1996, p.20",
Fraise,NA,Mskikwimens,,"Wz8khilain, 1830, p.58",,
Érable rouge,NA,Mskobages,Nom;Plante;Arbre,"Rousseau, 1947, p. 42",,
Prairie,I ?,Mskoda,,"Wz8khilain, 1830, p.45",,
Saumon,NA,Mskwamagw,,"Laurent, 1884, p.39",,
Bois pourris,NI,Msowakw,,"Wz8khilain, 1830, p.47",,
Novembre,NA,Mzatanos,,"Wz8khilain, 1830, p.89",,
Maïs bouilli,NI,Mzikwtal,,"Wz8khilain, 1830, p.47","Nolett-Ille, 1996, p.49",
"Tout, tous",Adv,Mziwi,,"Wz8khilain, 1830, p.47",,
Musée,,Mziwi kagwi 8shagin8gwak atali namit8zik,Nom;Lieu,Dictionnaire de Masta,,
Je m’endors,VAI;1;s;présent,N'8bkawi,Verbe,Charland,,
Je visite quelqu'un.,VTA;1;s;présent,N'8dakaw8,Verbe,"Masta, 1932, p.74",,
Je transplante quelquechose (I),VTI;1;s;présent,N'8dkag8balam,Verbe,"Day, 1994, p.419",,
Je vieilli,VAI;1;s;Présent,N'8jigadema,Verbe,"Day, 1994, p.422",,
Je traduis,VAI;1;s;Présent,N'8kaw8doka,Verbe,"Day, 1994, p.425",,
Je parie,VAI;1;s;présent,N'8mka,Verbe,"Day, 1994, p.424",,
Je répond à une question.,VAI;1;s;Présent,N'8zidawa,Verbe,,,
J'ai mal dans les côtés.,VAI;1;s;présent,N'Patkilama,Verbe,"Day, 1994, p.81",,
Je couvre quelquechose (A),VTA,N'agwankaha,Verbe,"Day, 1994, p.15",,
Je couvre quelquechose (I),VTI,N'agwankaham,Verbe,"Day, 1994, p.15",,
Je cours (de façon indéterminée),VAI;1;s;présent,N'al8malh8,Verbe,Philippe Charland,,Courir (de façon indéterminée)
J’arrête quelqu’un ou quelquechose (A).,VTA;1;s;Présent,N'chann8,Verbe,"Laurent, 1884, p.153",,Arrêter quelqu’un ou quelquechose (A).
J’arrête,VAI;1;s;Présent,N'channa,Verbe,"Laurent, 1884, p.153",,Arrêter
J’arrête quelquechose (I).,VTI;1;s;Présent,N'channem,Verbe,"Laurent, 1884, p.153",,Arrêter quelquechose (I).
J’arrête quelquechose (I).,VAI;1;s;présent,N'chanosa,Verbe,"Laurent, 1884, p.183",,
Je brûle ou j'allume quelquechose (A).,VTI isc,N'chegas8,Verbe,"Laurent, 1884, p.183",,
Je brûle ou j'allume quelquechose (I).,VTI;1;s;présent,N'chegasem,Verbe,"Laurent, 1884, p.183",,
Je laisse quelquechose (I),VTI;1;s;présent,N'chigitam,Verbe,"Day, 1994, p.145",,
Je laisse (permet à) quelqu’un ou quelquechose (A),VTA;1;s;Présent,N'chigitaw8,Verbe,"Day, 1994, p.145",,
Je glisse.,VAI;1;s;présent,N'chipozi,Verbe,"Day, 1994, p.146",,
Je veux (besoin) de quelqu'un ou quelquechose (A).,VTA;1;s;présent,N'chowalm8,Verbe,"Laurent, 1884, p.113",,
Je dois faire quelquechose (I),VTI;1;s;présent,N'chowito,Verbe,"Laurent, 1884, p.115",,
Je mets quelqu’un en colère,VTA;1;s;Présent,N'gag8wih8,Verbe,"Wz8khilain, 1830, p.33",,
"Appeler quelqu'un, crier après quelqu'un pour attirer son attention.",VAI;1;s;Présent,N'gwah8mi,Verbe,"Wz8khilain, 1830, p.223",,
Je teste quelquechose (A) touchant,VTA;1;s;présent,N'gwejiph8,Verbe,"Day, 1994, p.227",,
Je goûte en mangeant,VAI;1;s;Présent,N'gwejipi,Verbe,"Day, 1994, p.227",,
Je teste quelquechose(I) en goûtant,VTI;1;s;présent,N'gwejitam,Verbe,"Day, 1994, p.227",,
Je parle le gaélique irlandais,VAI;1;s;présent,N'ill8da8dwa,Verbe,,,
Pendant que je voyage,VAI;1;s;Présent,N'illakanni,Verbe,"Wz8khilain, 1830, p.32","Nolett-Ille, 1996, p.25",
J’ai soif,VAI;1;s;Présent,N'kadawesmi,Verbe,"Laurent, 1884, p.184",,
Je m’apprête,VAI;1;s;présent,N'kadawi,Verbe,"Laurent, 1884, p.105",,
J'enlève quelquechose (A),VTA;1;s;Présent,N'kadn8,Verbe,Charland,,
J'enlève quelquechose (I),VTI;1;s;Présent,N'kadnem,Verbe,Charland,,
J’ai faim,VAI;1;s;Présent,N'kadopi,Verbe,"Laurent, 1884, p.184",,
Je bois,VAI;1;s;présent,N'kadosmi,Verbe,"Laurent, 1884, p.185",,
Je suis fâché,VAI;1;s;présent,N'kag8wigi,Verbe,"Day, 1994, p.176",,
Je tiens quelqu'un ou quelquechose (A),VTA;1;s;présent,N'kagaln8,Verbe,"Laurent, 1884, p. 186",,
Je m'accroche,VAI;1;s;présent,N'kagalnakwi,Verbe,"Masta, 1932, p.77",,
Je tiens quelquechose (I),VTI;1;s;présent,N'kagalnem,Verbe,"Laurent, 1884, p. 186",,
Je plonge,VAI;1;s;présent,N'kamgwi,Verbe,"Laurent, 1884, p.197",,
Je le plonge,VTA;1;s;présent,N'kamgwikh8,Verbe,"Laurent, 1884, p.197",,
J’ai tant d’années d’âge.,VAI;1;s;Présent,N'kasigadma,Verbe,"Laurent, 1884, p.99",,
Je rend engourdi,VAI;1;s;présent,N'kaskimoka,Verbe,"Day, 1994, p.260",,
Je me déshabille,VAI;1;s;Présent,N'katsawa,Verbe,Charland,,
Je dors,VAI;1;s;Présent,N'kawi,Verbe,"Nolett-Ille, 1996, p.15",,
Je ferme quelquechose (A).,VTA;1;s;Présent,N'kbah8,Verbe,"Laurent, 1884, p.96",,
Je ferme quelquechose (I).,VTI;1;s;Présent,N'kbaham,Verbe,"Laurent, 1884, p.96",,
Je gratte quelqu'un ou quelquechose (A),VTA;1;s;présent,N'kejigen8,Verbe,"Day, 1994, p.190",,
Je me gratte,VAI;1;s;présent,N'kejigen8zi,Verbe,"Day, 1994, p.190",,
Je gratte quelquechose (I),VTI;1;s;présent,N'kejigenem,Verbe,"Day, 1994, p.190",,
Ça me gratte,VAI;1;s;présent,N'kejigihla,Verbe,"Day, 1994, p.190",,
Je chuchotte.,VAI;1;s;présent,N'kigim8dwa,Verbe,"Nolett-Ille, 1994, p.10",,
Je sème,VAI;1;s;présent,N'kika,Verbe,"Laurent, 1884, p.182",,
J’espionne quelqu’un ou quelquechose (A).,VTA;1;s;présent,N'kiminal8,Verbe,"Day, 1994, p.200",,
Je suis brave/courageux.,VAI;1;s;présent,N'kin8bai,Verbe,"Day, 1994, p.203",,
Je regarde,VAI;1;s;Présent,N'kina,Verbe,"Laurent, 1884, p.115",,
Je regarde quelquechose (I),VTI;1;s;Présent,N'kinam,Verbe,"Day, 1994, p.255",,
Je regarde quelqu’un ou quelquechose (A),VTA;1;s;Présent,N'kinaw8,Verbe,"Day, 1994, p.255",,
Je me promène,VAI;1;s;Présent,N'kiosa,Verbe,"Nolett-Ille, 1996, p.40",,Se promener
Je décide quelquechose (I),VTI;1;s;présent,N'kisto,Verbe,"Laurent, 1884, p.111",,
J’écoute,VAI;1;s;Présent,N'kita,Verbe,"Day, 1994, p.257",,
Je suis prêt,VAI,N'kiz8ji,Verbe,"Laurent, 1884, p. 117",,
Je parle à quelqu'un.,VTA;1;s;Présent,N'klol8,Verbe,"Laurent, 1884, p.183",,
Je parle,VAI,N'klozi,Verbe,"Laurent, 1884, p.92",,
Je parle.,VAI;1;s;présent,N'klozi,Verbe,"Laurent, 1884, p.183",,
Je parle le gaélique écossais,VAI;1;s;présent,N'koswaki8dwa,Verbe,,,
Je mélange quelquechose (A),VTA;1;s;Présent,N'kotlen8,Verbe,"Day, 1994, p.217",,
Je mélange quelquechose (I),VTI;1;s;Présent,N'kotlenem,Verbe,"Day, 1994, p.217",,
J’ai froid,VAI;1;s;Présent,N'kwaskwaji,Verbe,"Laurent, 1884, p.106",,
Je vis longuement,VAI;1;s;Présent,N'kwen8wzi,,"Laurent, 1884, p.101",,
Je suis grand,VAI;1;s;Présent,N'kwenakwzi,,"Laurent, 1884, p.101",,
Je déplace mon campement.,VAI;1;s;Présent,N'kwezoda,Verbe,"Laurent, 1884, p.204",,
Je cherche quelqu'un ou quelquechose (A),VTA;1;s;présent,N'kwilawah8,Verbe,"Laurent, 1884, p.183",,
Je cherche quelqu’un ou quelquechose (A).,VTA;1;s;présent,N'kwilawah8,Verbe,"Laurent, 1884, p.183",,
Je cherche quelquechose (I),VTI;1;s;présent,N'kwilawato,Verbe,"Laurent, 1884, p.183",,
Je cours,VAI;1;s;présent,N'kz8malh8,Verbe,"Laurent, 1884, p.186",,Courir rapidement.
Je réchauffe quelquechose (I),VTI;1;s;présent,N'kzabezem,Verbe,,,
J'ai chaud,VAI;1;s;présent,N'kzabzi,Verbe,"Day, 1994, p.193",,
Je fais de la fièvre.,VAI;1;s;présent,N'kzabzowi,Verbe,"Laurent, 1884, p.24",,
Je lance rapidement,VAI,N'kzaka,Verbe,"Day, 1994, p.194",,
Je plante rapidement,VAI,N'kzakika,Verbe,"Day, 1994, p.194",,
J'aime quelquechose (I).,VTI;1;s;présent,N'kzaldam,Verbe,"Laurent, 1884, p.185",,
J’aime.,VAI;1;s;présent,N'kzalga,Verbe,"Laurent, 1884, p.185",,
J'aime quelqu'un ou quelquechose (A).,VTA;1;s;présent,N'kzalm8,Verbe,"Laurent, 1884, p.185",,
Je suis aimé.,VAI,N'kzalmegwzi,Verbe,"Laurent, 1884, p.177",,
Je travaille rapidement,VAI;1;s;présent,N'kzaloka,Verbe,,,
Je travaille vite,VAI,N'kzaloka,Verbe,"Day, 1994, p.194",,
Je vais quelque part rapidement,VAI;1;s;présent,N'kzalosa,Verbe,,,
"Je suis fière, je m'aime moi-même",VTA;1;s;présent;Refléchi,N'kzalzi,Verbe,,,
J'écris rapidement,VAI;1;s;présent,N'kzawikhiga,Verbe,,,
Je lave quelquechose (I),VTI;1;s;présent,N'kzebahado,Verbe,"Day, 1994, p.185",,
Je lave quelqu’un ou quelquechose (A),VTA;1;s;présent,N'kzebahal8,Verbe,"Day, 1994, p.185",,
Je vais vite,VAI;1;s;présent,N'kzihla,Verbe,"Laurent, 1884, p.114",,
Je marche rapidement,VAI;1;s;présent,N'kzosa,Verbe,"Day, 1994, p.196",,Marcher rapidement.
Je tresse quelquechose (A).,VTA;1;s;présent,N'l8bagn8,Verbe,"Nolett-Ille, 1994, p.49",,
Je tresse quelquechose (I).,VTI;1;s;présent,N'l8bagnem,Verbe,"Nolett-Ille, 1994, p.49",,
Je joue de la musique,VAI;1;s;présent,N'l8baktahiga,Verbe,"Day, 1994, p.276",,
Je fait la conversation.,VAI;1;s;présent,N'l8dokazi,Verbe,"Day, 1994, p.277",,
J’ai de la valeur.,VAI;1;s;présent,N'l8wadi,Verbe,"Laurent, 1884, p.110",,
Je rapporte à plus tard,VTI;1;s;présent,N'lato,Verbe,"Day, 1994, p.268",,
Je pétris ou je fais du pain dans une poêle,VAI;1;s;Présent,N'lejageniga,Verbe,"Day, 1994, p.269",,
Je me couche,VAI;1;s;présent,N'lesin,Verbe,"Day, 1994, p.269",,
Je dis quelquechose à quelqu’un (A),VTA;1;s;présent,N'lhi,Verbe,"Laurent, 1884, p.109",,
Je pense/présume quelquechose (A),VTA;1;s;présent,N'lidah8m8,Verbe,,,
Je saute,VAI;1;s;Présent,N'ligda,Verbe,"Masta, 1932, p.75",,Sauter (de façon indéterminée)
J’appelle ou nomme quelqu’un ainsi,VTA;1;s;Présent,N'liwihl8,Verbe,"Wz8khilain, 1830, p.33",,
Je commence,VAI;1;s;Présent,N'm8ja,Verbe,"Day, 1994, p.328",,
Je commence à faire quelquechose (A).,VTA;1;s;Présent,N'm8jah8,Verbe,"Laurent, 1884, p.186",,
J'emporte quelquechose (A),VTA;1;s;présent,N'm8jal8,Verbe,"Laurent, 1884, p.186",,
Je commence une action.,VAI;1;s;Présent,N'm8jasa,Verbe,"Day, 1994, p.330",,
Je commence à faire quelquechose (I).,VTI;1;s;Présent,N'm8jato,Verbe,"Laurent, 1884, p.186",,
Je pars,VAI;1;s;présent,N'm8ji,Verbe,"Laurent, 1884, p.110",,Partir
"Je travaille mal, rudement, à la va vite ou approximativement.",VAI;1;s;présent,N'm8m8gwaloka,,"Laurent, 1884, p.199",,
"Mange rapidement, prend une collation, mange en vitesse.",VAI;1;s;présent,N'm8m8gwipi,,"Day, 1994, p.333",,
Je fabrique un canot de fortune.,VAI;1;s;présent,N'm8m8gwtoli,,"Day, 1994, p.333",,
Je me sens très malade,VAI;1;s;présent,N'm8madamalsi,Verbe,"Day, 1994, p.332",,
Je ramasse quelquechose,VTI;1;s;présent,N'maanem,Verbe,"Day, 1994, p.280",,
Je meurs,VAI;1;s;présent,N'machina,Verbe,"Laurent, 1884, p.115",,
Je me sens  malade,VAI;1;s;Présent,N'madamalsi,Verbe,"Laurent, 1884, p.24",,
Je me plains,VAI;1;s;présent,N'madw8zi,Verbe,"Day, 1994, p.284",,
Je pellette de la neige.,VAI;1;s;présent,N'mag8lhiga,Verbe,"Day, 1994, p.285",,
Je fais don de quelquechose.,VAI;1;s;présent,N'maga,Verbe,"Laurent, 1884, p.186",,
Je défèque,VAI;1;s;présent,N'magwi,Verbe,,,
"Je trouve que quelquechose (I) est correct, satisfaisant",VTI;1;s;présent,N'mah8winam,Verbe,"Laurent, 1884, p.116",,
"Je trouve que quelquechose (I) est correct, satisfaisant pour quelqu'un (A)",VTI;1;s;présent,N'mah8winaw8,Verbe,"Day, 1994, p.299",,
"Je rend/fait quelquechose (I) correct, satisfaisant.",VTI;1;s;présent,N'mah8wito,Verbe,"Day, 1994, p.299",,
Je suis malchanceux(se),,N'majalmegwzi,Verbe,"Nolett-Ille, 1996, p.29",,
Je sacre,VAI;1;s;présent,N'majidon,Verbe,Charland,,
J’ai la nausée,VAI;1;s;présent,N'majilawa,Verbe,"Laurent, 1884, p.112",,
Je suis incommodé.,VAI;1;s;présent,N'majilawaamalsi,Verbe,"Laurent, 1884, p.112",,
Je déteste le goût de quelquechose (I),VTI,N'majitam,Verbe,"Day, 1994, p.289",,
Je crois que quelquechose est étrange(I),VTI;1;s;Présent,N'mamh8lhidah8dam,Verbe,"Day, 1994, p.295",,
Je cours lentement,VAI;1;s;présent,N'mann8malh8,Verbe,,,Courir lentement
Je marche lentement,VAI;1;s;présent,N'mannosa,Verbe,"Nolett-Ille, 1996, p.29",,Marcher lentement
J'achète quelquechose (A).,VTA;1;s;présent,N'manoh8,Verbe,"Nolett-Ille, 1996, p.1",,
J'achète,VAI;1;s;Présent,N'manohiga,Verbe,"Laurent, 1884, p.187",,
J'achète quelquechose (I).,VTI;1;s;présent,N'manohom,Verbe,"Laurent , 1884, p.66",,
Je trouve quelquechose (I),VTI;1;s;Présent,N'maskam,Verbe,"Nolett-Ille,1996, p.50",,
Je trouve quelquechose (A),VTA;1;s;Présent,N'maskaw8,Verbe,"Masta, 1932, p.74",,
Je ramasse de l’écorce de bouleau,VAI;1;s;Présent,N'maskwaka,Verbe,"Day, 1994, p.302",,
Je brûle quelquechose (A),VTA;1;s;Présent,N'matkazaz8,Verbe,"Day, 1994, p.304",,
Je me sens mieux,VAI;1;s;présent,N'mawiaamalsi,Verbe,"Laurent, 1884, p.113",,
Je choisis quelqu'un ou quelquechose (A),VTA;1;s;présent,N'megen8,Verbe,"Aubery, 1995 , p.115",,
Je choisis quelquechose (I),VTI;1;s;présent,N'megenem,Verbe,"Aubery, 1995, p.115",,
Je trouve quelqu'un ou quelquechose (A),VTA;1;s;présent,N'meskaw8,Verbe,"Day, 1994, p.314",,
J’obtiens quelquechose (I).,VTI;1;s;présent,N'mezenem,Verbe,"Laurent, 1884, p.204",,
Je mange,VAI;1;s;présent,N'michi,Verbe,"Laurent, 1884, p.186",,Manger
Je mange (quelquechose d'inanimé),VTI;1;s;Présent,N'miji,Verbe,"Nollett-Ille, 1996, p.29",,Manger quelquechose (I)
Je me souviens de quelquechose (I),VTI;1;s;Présent,N'mikwaldam,Verbe,"Nolett-Ille,1996, p.47",,
Je me souviens de quelqu’un ou quelquechose (A),VTA;1;s;Présent,N'mikwalm8,Verbe,"Nolett-Ille,1996, p.47",,
Je donne quelquechose (A),VTA;1;s;Présent,N'mil8,Verbe,"Nolett-Ille, 1996, p.14",,
Je donne quelquechose (I),VTI;1;s;Présent,N'mildo,Verbe,"Nolett-Ille, 1996, p.14",,
Je suis rouge à l'intérieur.,VAI;1;s;Présent,N'mkwisagezi,Verbe,"Day, 1994, p.323",,
Je suis fort(e),VAI;1;s;Présent,N'mlikigi,Verbe,"Day, 1994, p.311",,
Je pleure,VAI;1;s;présent,N'mlisj8,Verbe,"Wz8khilain, 1830, p.19",,
J'émerge,VAI;1;s;présent,N'moski,Verbe,"Day, 1994, p.325",,
Je suis fâché,VAI;1;s;présent,N'moskwaldam,Verbe,"Masta, 1932, p.36",,
Je chasse le rat musqué,VAI;1;s;présent,N'moskwasnadiali,Verbe,Philippe Charland,,
Je chasse le rat musqué,VAI;1;s;présent,N'moskwasoka,Verbe,Philippe Charland,,
Je mange quelquechose (A).,VTA;1;s;présent,N'mow8,Verbe,"Nolett-Ille, 1996, p.29",,Manger quelquechose (A)
Je soupir.,VAI;1;s;présent,N'msinasa,Verbe,"Day, 1994, p.388",,
Je vais chasser,VAI;1;s;Présent,N'n8dadiali,Verbe,"Day, 1994, p.383",,
Je vais sur le rivage,VAI;1;s;présent,N'n8dagahla,Verbe,"Day, 1994, p.383",,
Je vais à la rive.,VAI;1;s;présent,N'n8dagahla8,Verbe,"Laurent, 1884, p.113",,
Je vais me coucher,VAI;1;s;présent,N'n8dkawi,Verbe,"Day, 1994, p.383",,
Je grelotte (à cause du froid),VAI;1;s;Présent,N'n8n8gipozi,Verbe,"Day, 1994, p.386",,
Je voyage longtemps.,VAI;1;s;présent,N'n8wkanni,Verbe,"Day, 1994, p.388",,
Je sème longtemps.,VAI;1;s;présent,N'n8wkika,Verbe,"Day, 1994, p.388",,
Je touche quelqu’un ou quelquechose (A).,VTA;1;s;Présent,N'n8zn8,Verbe,"Day, 1994, p.388",,
Je touche quelquechose (I).,VTA;1;s;Présent,N'n8znem,Verbe,"Day, 1994, p.388",,
Je pagaie dans le sens du courant.,VAI;1;s;présent,N'naaibia,Verbe,Construction personnelle,,
Je marche dans le sens du courant.,VAI;1;s;présent,N'naaosa,Verbe,"Day, 1994, p.343",,
Je chasse,VAI;1;s;Présent,N'nadiali,Verbe,"Laurent, 1884, p.188",,
Je chasse pour quelqu'un (A),VTA;1;s;présent,N'nadialwaw8,Verbe,"Day, 1994, p.344",,
Je chasse pour moi-même,VTA;1;s;présent;Réflexif,N'nadialwawzi,Verbe,"Day, 1994, p.345",,
Je questionne quelqu’un.,VTA;1;s;présent,N'nadodmok8,Verbe,"Day, 1994, p.345",,
Je descend le courant,VAI;1;s;Présent,N'nahil8,Verbe,"Laurent, 1884, p.117",,
J’éternue,VAI;1;s;Présent,N'nakhwh8mi,Verbe,"Day, 1994, p.347",,
J'observe quelquechose (A) ou quelqu'un,VTA;1;s;présent,N'namih8,Verbe,"Laurent, 1884, p.105",,Observer quelquechose (A)
Je me vois moi-même,VTA;1;s;présent;Réflexif,N'namihozi,Verbe,"Laurent, 1884, p.196",,
Je suis vu,VAI;1;s;présent,N'namiigwzi,Verbe,"Laurent, 1884, p.196",,
J’observe quelqueshose (I),VTI;1;s;présent,N'namito,Verbe,"Laurent, 1884, p.195",,Observer quelquechose (I)
Je suis aveugle,VAI;1;s;présent,N'nan8degwzi,Verbe,"Day, 1994, p.351",,
Je berce,VAI;1;s;présent,N'nanamen8,Verbe,"Day, 1994, p.349",,
Je chante une berceuse.,VAI;1;s;présent,N'nanamniganilinto,Verbe,"Day, 1994, p.349",,
Je prend soin de quelquechose (I).,VTI;1;s;présent,N'nanawaldam,Verbe,"Laurent, 1884, p.188",,
Je prend soin de quelqu'un ou quelquechose (A).,VTA;1;s;présent,N'nanawalm8,Verbe,"Laurent, 1884, p.188",,
Je prend soin de moi,VTA,N'nanawalmezi,Verbe,"Laurent, 1884, p.117",,
Je marche toute la nuit,VAI;1;s;Présent,N'nanib8sa,Verbe,"Day, 1994, p.351",,
Je respire.,VAI;1;s;présent,N'nasa,Verbe,"Laurent, 1884, p.23",,
Je mets un vêtement (A),VTA;1;s;Présent,N'nasl8,Verbe,"Laurent, 1884, p.187",,
Je mets un vêtement (I),VTI;1;s;Présent,N'nasto,Verbe,"Laurent, 1884, p.187",,
Je viens (arrive),VAI,N'nawa,Verbe,"Day, 1994, p.355",,
Je parle de façon bruyante,VAI,N'neskt8gwzi,Verbe,"Day, 1994, p. 362",,
Je chasse durant la nuit,VAI;1;s;Présent,N'nib8nadiali,Verbe,"Day, 1994, p.364",,
Je tue quelqu'un ou quelquechose (A),VTA;1;s;Présent,N'nihl8,Verbe,"Laurent, 1884, p.71",,
,VAI;1;s;Présent,N'nik8nig8bi,Verbe,,,
"Je découvre, je vois le future",VAI;1;s;Présent,N'nik8nwawizi,Verbe,"Day, 1994, p.367",,
Je vais chercher quelquechose (I),VTI;1;s;présent,N'nimskam,Verbe,"Laurent, 1884, p.187",,
Je vais chercher quelqu’un ou quelquechose (A),VTA;1;s;Présent,N'nimskaw8,Verbe,"Laurent, 1884, p.187",,
Je suis un bon orateur.,VAI;1;s;présent,N'nit8wa,Verbe,"Day, 1994, p.391",,
Je suis à fabriquer des paniers.,VAI;1;s;présent,N'nit8wabaznodaka,Verbe,"Day, 1994, p.391",,
Je suis une personne capable (bonne à faire des choses).,VAI;1;s;présent,N'nit8wti,Verbe,"Day, 1994, p.391",,
je suis bon pour fabriquer des canots.,VAI;1;s;Présent,N'nit8wtoli,Verbe,"Laurent, 1884, p.113",,
Je suis entendu par quelqu’un ou quelquechose (A),VTA;1;s;Présent,N'nod8zo,,"Day, 1994, p.373",,
J’entends,VAI;1;s;Présent,N'noda,,"Day, 1994, p.371",,
J’entends quelqu’un ou quelquechose (A),VTA;1;s;Présent,N'nodal8,,"Day, 1994, p.371",,
J’entend quelquechose (I),VTI;1;s;présent,N'nodam,,"Laurent, 1884, p.105",,
J’entend quelqu’un ou quelquechose (A),VTA;1;s;Présent,N'nodaw8,,"Day, 1994, p.372",,
Je touche quelquechose (I),VTIi,N'nojokawa,,"Day, 1994, p.375",,
"Je suis doux, douce",VAI;1;s;présent,N'nokigi,,"Laurent, 1884, p.66",,
"J'allaite, je prend soin d'un bébé.",VAI;1;s;Présent,N'noni,,,,
Je suis loin,VAI;1;s;présent,N'nopabi,Verbe,"Day, 1994, p.379",,
Je crois que quelqu'un ou quelquechose (A) est loin,VTA;1;s;présent,N'nopadah8m8,Verbe,"Day, 1994, p.379",,
Je m’éloigne,VAI;1;s;Présent,N'nopaosa,Verbe,"Laurent, 1884, p.379",,S’éloigner
Je suis quelquechose (I).,VTI;1;s;Présent,N'nosokam,Verbe,"Day, 1994, p.386",,
Je suis quelqu’un ou quelquechose (A).,VTA;1;s;présent,N'nosokaw8,Verbe,"Day, 1994, p.380",,
Je suis prudent,VAI;1;s;présent,N'nsato,Verbe,"Laurent, 1884, p.115",,
Je suis bon pagayeur,VAI;1;s;présent,N'nt8wibia,Verbe,"Laurent, 1884, p.114",,
Je parle en conversant,VAI,N'p8bab8m8dokazi,,"Day, 1994, p.63",,
Je prie,VAI;1;s;présent,N'p8batama,Verbe,"Day, 1994, p.135",,
Je prie pour quelqu'un (A),VTA;1;s;présent,N'p8batamawawi,Verbe,"Day, 1994, p.135",,
J’ai du plaisir,VAI,N'p8w8wzi,,"Nolett-Ille, 1996, p.38",,
J’apparais de nouveau,VAI;1;s;Présent,N'paakwin8gwzi,Verbe,"Laurent, 1884, p.116",,
J’examine quelquechose,VTI;1;s;présent,N'pabachito,Verbe,"Masta, 1932, p.26",,
Je joue à la balle.,VAI;1;s;présent,N'pabaskwhama,Verbe,"Day, 1994, p.59",,
J'apporte quelquechose (I),VTI;1;s;présent,N'pado,,"Laurent, 1884, p. 190",,
Je joue,VAI;1;s;Présent,N'papi,,"Nolett-Ille, 1996, p.26",,
J’approche,VAI;1;s;Présent,N'pasadosa,Verbe,Charland,,Approcher
Je dîne,VAI;1;s;Présent,N'paskwaipi,Verbe,"Day, 1994, p.80",,
Je dîne,VAI;1;s;Présent,N'paskwaïpi,Verbe,"Day, 1994, p.80",,
J'approche quelquechose (I),VTI;1;s;Présent,N'pasodkam,Verbe,"Day, 1994, p.80",,
J'approche quelqu'un ou quelquechose (A),VTA;1;s;Présent,N'pasodkaw8,Verbe,"Day, 1994, p.80",,
Je m’approche,VAI;1;s;Présent,N'pasodosa,Verbe,"Laurent, 1884, p.96",,
Je vois (je suis capable de voir).,VAI;1;s;présent,N'paz8bi,Verbe,"Laurent, 1884, p.188",,
J'apporte quelqu'un ou quelquechose (A),VTA;1;s;présent,N'pazw8,Verbe,"Laurent, 1884, p. 190",,
Je viens (arrive),VAI;1;s;présent,N'paï8,,"Wz8khilain, 1830, p.88",,Arriver
Je reviens,VAI;1;s;Présent,N'pedgi,Verbe,"Day, 1994, p.85",,
Je danse,VAI;1;s;Présent,N'pemg8,Verbe,"Laurent, 1884, p.49",,
Je tourne,VAI;1;s;présent,N'peskasa,Verbe,"Day, 1994, p.104",,
J’entre,VAI;1;s;présent,N'pidiga,Verbe,"Nolett-Ille, 1996, p.16",,Entrer
Je travaille différemment,VAI,N'pilwaloka,Verbe,"Masta, 1932, p.24",,
J'ai l'air pâle,VAI;1;s;présent,N'pilwin8gwzi,Verbe,"Day, 1994, p.112",,
J’attrape quelqu’un ou quelquechose (A),VTA;1;s;Présent,N'pith8,Verbe,"Laurent, 1884, p.117",,
Je traverse,VAI,N'pkag8,Verbe,"Laurent, 1884, p.95",,
Je fais une pause,VAI,N'pla,Verbe,"Day, 1994, p.90",,
Je parle français,VAI,N'plachm8n8dwa,Verbe,,,
Je voyage,VAI;1;s;Présent,N'pmakanni,Verbe,"Nolett-Ille, 1996, p.52",,
Je navigue (en bateau à voile),VAI;1;s;présent,N'pmaksi,Verbe,"Day, 1994, p.92",,
Je marche en suivant un plan,VAI;1;s;présent,N'pmosa,Verbe,"Nolett-Ille, 1996, p.29",,Marcher (En suivant un plan)
Je descend (escaliers).,VAI;1;s;présent,N'pn8dawa,Verbe,"Laurent, 1884, p.95",,
Je glisse en bas (en toboggan par exemple).,VAI;1;s;Présent,N'pnipozi,Verbe,"Day, 1994, p.100",,
Je souffle,VAI;1;s;Présent,N'podawa,Verbe,"Day, 1994, p.438",,
Je discute,VAI;1;s;Présent,N'podawazi,Verbe,"Day, 1994, p.129",,
Je mets/place quelquechose (A),VTA;1;s;Présent,N'pon8,Verbe,"Laurent, 1884, p.189",,
Enlève quelquechose (I),VTI;1;s;présent,N'ponagim,Verbe,"Laurent, 1884, p.115",,
Je relâche (comme la corde d'un arc),VAI;1;s;présent,N'ponaka,Verbe,"Day, 1994, p.131",,
Remplace quelqu'un ou quelquechose (A)),VTA;1;s;présent,N'ponamaw8,Verbe,"Day, 1994, p.131",,
Remplace quelquechose (I),VTI;1;s;présent,N'ponamawam,Verbe,"Day, 1994, p.131",,
Je mets/place,VAI;1;s;présent,N'ponasi,Verbe,"Laurent, 1884, p.189",,
Je mets/place quelquechose (I),VTI;1;s;présent,N'ponem,Verbe,"Laurent, 1884, p.189",,
J’allume ou j’entretiens un feu,VAI,N'ponsa,Verbe,"Wz8khilain, 1830, p.59",,
Je coupe avec un couteau quelquechose (A),VTA;1;s;présent,N'poskwez8,Verbe,"Day, 1994, p.133",,
Je coupe avec un couteau quelquechose (I),VTI;1;s;présent,N'poskwezem,Verbe,"Day, 1994, p.133",,
Je coupe quelquechose  (A) avec une hache,VTA,N'poskwtaha,Verbe,"Laurent, 1884, p.190",,
Je coupe quelquechose  (I) avec une hache,VTI,N'poskwtaha,Verbe,"Laurent, 1884, p.190",??? J’assume une terminaison en « a ».,
J’embarque,VAI;1;s;présent,N'pozi,Verbe,"Laurent, 1884, p.113",,
Je verse un liquide (I),VTI;1;s;présent,N'psanbahado,Verbe,"Day, 1994, p.101",,
Je verse un liquide (A),VTA;1;s;présent,N'psanbahal8,Verbe,"Day, 1994, p.101",,
"Je suis tranquille, Je suis assis tranquillement",VAI,N's8gnawabi,Verbe,"Laurent, 1884, p.94",,
Je m'approche en marchant,VAI;1;s;présent,N's8khosa,Verbe,"Day, 1994, p.536",,
"Je squat, je me couche au sol",VAI;1;s;présent,N'sagadabi,Verbe,"Day, 1994, p.443",,
Je sors,VAI;1;s;présent,N'saosa,Verbe,"Laurent, 1884, p.95",,Sortir
Je m'habille,VAI;1;s;Présent,N'sawa,Verbe,Charland,,
Je suis fatigué(e),VAI;1;s;Présent,N'sawsani,Verbe,"Masta, 1932, p.28",,
Je suis fatigué,VAI,N'sawsanni,Verbe,"Nolett-Ille, 1996, p.18",,
Je vomis,VAI;1;s;présent,N'segagwi,Verbe,"Rasles & Pickering, 1831, p.544",,
J’urine,VAI;1;s;présent,N'segwdi,Verbe,"Rasles & Pickering, 1831, p.507",,
Je craque/brise avec les dents,VAI;1;s;Présent,N'segweskada,Verbe,"Day, 1994, p.521",,
Je craque/brise quelquechose (I) avec les dents,VTIi;1;s;Présent,N'segweskadam,Verbe,"Day, 1994, p.521",,
Je brise/divise quelquechose (I),VTIi;1;s;Présent,N'segweskiado,Verbe,"Day, 1994, p.521",,
J'explique (en divisant les concepts),VAI;1;s;Présent,N'segweskiwita,Verbe,"Day, 1994, p.521",,
Je peinture quelqu'un ou quelquechose (A).,VTA,N'sezoh8,Verbe,"Laurent, 1884, p.193",,
Je peinture.,VAI,N'sezohiga,Verbe,"Laurent, 1884, p.193",,
Je peinture quelquechose (I).,VTI,N'sezohom,Verbe,"Laurent, 1884, p.193",,
Je  souhaite quelquechose pour quelqu’un,VTA,N'sidaldam,Verbe,"Nolett-Ille, 1996, p.46",,
Je souhaite quelquechose(I) d'indéfini à quelqu'un,VTA;1;s;présent,N'sidaldam,Verbe,"Day, 1994, p.451",,
Je vide quelquechose (A),VTA;1;s;présent,N'sigwan8,Verbe,"Day, 1994, p.524",,
Je vide quelquechose (I),VTI;1;s;présent,N'sigwanem,Verbe,"Day, 1994, p.524",,
Je voyage ici et là,VAI;1;s;Présent,N'sisakanni,Verbe,Charland,,
Je m’ennuie de quelquechose (I),VTI;1;s;présent,N'siwaldam,Verbe,"Day, 1994, p.526",,
J'ennuie de quelqu'un.,VTA;1;s;présent,N'siwalm8,Verbe,"Day, 1994, p.526",,
Je suis debout.,VAI;1;s;présent,N'skai,Verbe,"Day, 1994, p.454",,
Je verse quelquechose (I),VTIi;1;s;Présent,N'sogna,Verbe,"Day, 1994, p.528",,
Je baptise quelqu'un ou quelquechose (A),VTAi;1;s;Présent,N'sognab8l8,Verbe,"Aubéry, 1715, p.58",,
Je suis baptisé,VAI;1;s;Présent,N'sognab8zi,Verbe,"Aubéry, 1715, p.58",,
Je suis épuisé,VAI;1;s;Présent,N'sokwamalsi,Verbe,"Day, 1994, p.529",,
Je parle espagnol,VAI,N'sp8nioli8dwa,Verbe,,,
Je pars tôt,VAI;1;s;présent,N'sp8zim8ji,Verbe,Philippe Charland,,Partir tôt
Je déjeune,VAI;1;s;Présent,N'sp8zipi,Verbe,"Day, 1994, p.459",,
Je frappe quelquechose (I) à répétition,VTI,N't8tagadam,Verbe,"Laurent, 1884, p.198",,
Je frappe quelqu’un ou quelquechose (A) à répétition,VTA,N't8tagam8,Verbe,"Laurent, 1884, p.197",,
J’ouvre quelquechose (A),VTA;1;s;Présent,N't8wdan8,Verbe,"Laurent, 1884, p.96",,
Je frappe quelquechose (I),VTI,N'tagadam,Verbe,"Laurent, 1884, p.198",,
Je frappe quelqu’un ou quelquechose (A),VTA,N'tagam8,Verbe,"Laurent, 1884, p.197",,
Je prend soin de moi,VTA,N'tagamezi,Verbe,"Day, 1994, p.150",,
Je goûte quelquechose (I),VTI;1;s;Présent,N'talitam,Verbe,"Day, 1994, p.155",,
"J'appelle à l'aide, crie, fait du bruit",VAI;1;s;présent,N'talkwazi,Verbe,,,
J’écoute quelquechose (I),VTI,N'tbestam,Verbe,"Laurent, 1884, p.191",,
J’écoute quelqu’un (A),VTA,N'tbestaw8,Verbe,"Laurent, 1884, p.191",,
Je réfléchis,VAI,N'tbidah8zi,Verbe,"Masta, 1932, p.75",,
Je tond,VAI;1;s;Présent,N'temskez8wa,Verbe,"Laurent, 1884, p.43",,
Je nages,VAI;1;s;présent,N'tkasmi,Verbe,"Masta, 1932, p.35",,
Je passe (sans m'arrêter),VAI;1;s;présent,N'todosa,Verbe,"Day, 1994, p.126",,Passer (sans s'arrêter)
Je me réveille,VAI;1;s;Présent,N'toki,Verbe,"Laurent, 1884, p.102",,
Je réveille quelqu’un,VTA;1;s;Présent,N'tokim8,Verbe,"Laurent, 1884, p.167",,
Je viens de quelquepart.,VAI;1;s;Présent,N'wadosa,Verbe,"Laurent, 1884, p.96",,
Je possède quelquechose (A).,VTA;1;s;Présent,N'waj8n8,Verbe,"Laurent, 1884, p.62",,Posséder quelquechose (A)
Je possède quelquechose (I).,VTI;1;s;Présent,N'waj8nem,Verbe,"Laurent, 1884, p.62",,Posséder quelquechose (I)
J’embrasse quelquechose (I),VTI,N'wajado,Verbe,"Laurent, 1884, p.192",,
J’embrasse quelqu’un (A),VTA,N'wajam8,Verbe,"Laurent, 1884, p.192",,
Je mange à ma faim,VAI,N'wamipi,Verbe,"Day, 1994, p.437",,
Je suis fou,VAI,N'wan8damina,Verbe,"Nolett-Ille,???, p.105",,
J'oublie quelquechose (I),VTIi,N'wanaldam,Verbe,"Laurent, 1884, p.94",,
J'oublie quelquechose (I) de défini,VTId,N'wanaldamen,Verbe,"Laurent, 1884, p.94",,
J’oublie quelqu’un ou quelquechose (A).,VTA;1;s;Présent,N'wanalm8,Verbe,"Laurent, 1884, p.194",,
Je rencontre quelqu'un (A),VTA;1;s;Présent,N'wanaskaw8,Verbe,"Nolett-Ille, 1996, p.42",,
Je perds quelquechose (I) de défini.,VTI,N'waniado,Verbe,"Laurent, 1884, p.71",,
Je perds quelquechose (I) de défini,VTId,N'waniadon,Verbe,"Laurent, 1884, p.93",,
Je perds quelqu'un ou quelquechose (A),VTI,N'wanial8,Verbe,"Laurent, 1884, p.191",,
Je perds quelqu'un ou quelquechose (A) de défini,VTId,N'wanial8,Verbe,,,
"Je préviens, j'informe, je sonne l'alarme.",VAI;1;s;présent,N'waw8doka,Verbe,"Day, 1994, p.485",,
"Je préviens quelqu'un, j'informe quelqu'un.",VAI;1;s;présent,N'waw8dokawa,Verbe,"Day, 1994, p.485",,
"Je préviens, j'informe.",VAI;1;s;présent,N'waw8jemi,Verbe,"Day, 1994, p.485",,
Je découvre quelqu’un ou quelquechose (A),VTA;1;s;Présent,N'wawal8,Verbe,"Day, 1994, p.481",,
Je connais,VAI;1;s;Présent,N'wawalda,Verbe,"Day, 1994, p.481",,
Je connais quelquechose (I).,VTI;1;s;Présent,N'wawaldam,Verbe,"Nolett-Ille, 1996, p.44",,
Je connais quelqu’un ou quelquechose (A).,VTA;1;s;Présent,N'wawalm8,Verbe,"Day, 1994, p.481",,
Je le connais,VTA,N'wawinaw8,Verbe,"Laurent, 1884, p.94",,
Je connais quelqu’un ou quelquechose (A).,VTA;1;s;Présent,N'wawinaw8,Verbe,"Day, 1994, p.484",,
Je comprends,,N'wawtam,Verbe,"Nolett-Ille, 1996, p.10",,
Je recule,VAI;1;s;présent,N'wazwasa,Verbe,"Day, 1994, p.487",,
Je regrette quelquechose (I),VTI;1;s;présent,N'wdaldam,Verbe,"Day, 1994, p.392",,
Je prend quelqu’un ou quelquechose (A).,VTA;1;s;Présent,N'wden8,Verbe,"Day, 1994, p.395",,
Je prend quelquechose (I).,VTI;1;s;Présent,N'wdenem,Verbe,"Laurent, 1884, p.71",,
Je prend quelqu'un (A),VTA;1;s;présent,N'wdn8,Verbe,"Nolett-Ille, 1996, p.39",,
Je prend quelquechose (I),VTI;1;s;présent,N'wdnem,Verbe,"Nolett-Ille, 1996, p.39",,
J’ai mal au ventre,VAI;1;s;présent,N'wesagagwezi,Verbe,"Laurent, 1884, p.24",,
J’ai le rhume ou je tousse,VAI;1;s;présent,N'wesgwina,Verbe,"Laurent, 1884, p.24",,
Je suis heureux,VAI;1;s;présent,N'wig8dam,Verbe,"Laurent, 1884, p.99",,Se réjouir
Je demeure,VAI;1;s;présent,N'wigi,Verbe,"Nolett-Ille, 1996, p.23",,
Je vais camper (je me déplace pour aller camper),VAI;1;s;présent,N'wigosa,Verbe,"Day, 1994, p.492",,
J'accompagne quelqu'un,VAI;1;s;présent,N'wijawi,Verbe,"Laurent, 1884, p.95",,
J’aide.,VAI;1;s;Présent,N'wijoka,Verbe,"Day, 1994, p.494",,
J’aide avec quelquechose (I).,VTI;1;s;Présent,N'wijokadam,Verbe,"Day, 1994, p.494",,
J’aide quelqu’un ou avec quelquechose (A).,VTA;1;s;Présent,N'wijokam8,Verbe,"Day, 1994, p.495",,
Je m’aide,VTA,N'wijokamzi,Verbe,"Laurent, 1884, p.191",,
Je suis gras,VAI;1;s;présent,N'wikai,Verbe,"Day, 1994, p.495",,
Je prend quelquechose (I) d'indéfini.,VTIi,N'wikwnem,Verbe,"Laurent, 1884, p192",,
Je prendrais quelquechose (I) d'indéfini.,VTIi,N'wikwnemba,Verbe,"Laurent, 1884, p192",,
Je suis riche,VAI;1;s;présent,N'wilawigi,Verbe,"Laurent, 1884, p.97",,
"Dire, Appeler",VTI,N'witam,,"Day, 1994, p.498",,
Je dis à quelqu'un pour qu'il apprenne,VTA;1;s;Présent,N'witamaw8,Verbe,"Day, 1994, p.498",,
"Je suis pressé, J’ai hâte",VAI;1;s;présent,N'wizika,Verbe,"Day, 1994, p.501",,
Je soupe,VAI;1;s;Présent,N'wl8gwipi,Verbe,"Day, 1994, p.504",,
Je soupe,VAI;1;s;Présent,N'wl8gwipi,Verbe,"Day, 1994, p.504",,
J'ai raison,VAI,N'wl8ma,Verbe,"Laurent, 1884, p.94",,
Je crois (croyance) quelquechose (I) est vrai,VTI,N'wl8mawaldam,Verbe,"Laurent, 1884, p.93",,
Je crois (croyance) quelqu'un ou quelquechose (A),VTA,N'wl8mawalm8,Verbe,"Laurent, 1884, p.93",,
Je suis poli(e),VAI,N'wlakamigwzi,Verbe,"Nolett-Ille, 1996, p.38",,
Je suis chanceux(se),VAI;1;s;Présent,N'wlalmegwzi,Verbe,"Nolett-Ille, 1996, p.8",,
Je fais,VTA,N'wlia,Verbe,"Laurent, 1884, p.194",,
Je faisais,VTA,N'wliab,Verbe,"Nolett-Ille, 2006, p.34",,
Je fais quelquechose (A),VTA;1;s;Présent,N'wlih8,Verbe,"Laurent, 1884, p.194",,
Je fais quelquechose (I) pour quelqu'un.,VTI;1;s;présent,N'wlitaw8,Verbe,"Day, 1994, p.406",,
Je me sens bien,VAI;1;s;présent,N'wlitbamalsi,Verbe,"Laurent, 1884, p.112",,
Je dirige bien quelquechose (A),VTA;1;s;présent,N'wlitbokwaa,Verbe,"Laurent, 1884, p.115",,
Je fais quelquechose (I),VTI;1;s;présent,N'wlito,Verbe,"Laurent, 1884, p.194",,Faire quelquechose (I)
Je faisais (fabriquais) quelquechose (I),VTId,N'wlitob,Verbe,"Nolett-Ille, 2006, p.34",,
Je dirige bien quelquechose (A),VTA;1;s;présent,N'wlokwaa,Verbe,"Day, 1994, p.407",,
Je dirige bien,VAI;1;s;Présent,N'wlokwahiga,Verbe,"Day, 1994, p.407",,
Je souffre,VAI;1;s;Présent,N'wzig8wzi,Verbe,"Day, 1994, p.415",,
Coq,NA,N8balha,Nom;Animal;Oiseau,"Masta, 1932, p.55",,
Autant,Conjonction,N8bi,Conjonction,"Laurent, 1884, p.97",,
Autant (en quantité),Conjonction,N8bi kasi,Conjonction,"Laurent, 1884, p.87",,
Autant (en qualité),Conjonction,N8bi ta8lawi,Conjonction,"Laurent, 1884, p.90",,
"Rivage, l'endroit qui va de l'eau à la terre. ",NI,N8dagaki,Nom;Lieu,"Aubéry, 1715, p.453",,
Être sur le point de … (faire une action),Préverbe,N8ji,,"Nolett-Ille, 2006, p.50",,
Jeune fille,NA,N8kskwa,,"Day, 1994, p.385",,
Petite fille,NA,N8kskwasis,,"Laurent, 1884, p.21",,
Cinq (chiffre),Numéral,N8lan,Numéral,"Laurent, 1884, p.73",,
Peu de temps après,Adv,N8n8gaiwi,,"Day, 1994, p.386",,
Grelottement,NA,N8n8gipozow8gan,Nom,"Laurent, 1884, p.24",,
Très tôt,Adv,N8nabiwi,Adverbe,"Day, 1994, p.385",,
"Très ancien, Très vieux",Particule,N8neg8ni,,"Laurent, 1884, p.65",,
Le tout puissant (Religieux),NA,N8ngwichi Ntat8gw,Nom,"Laurent, 1884, p.13",,
L'omnipotent,NA,N8ngwitegilek,Nom,"Laurent, 1884, p.13",,
Quinze (nombre),Numéral,N8nn8kaw,Numéral,"Laurent, 1884, p.74",,
Cinq (objets inanimés),Adjectif numéral cardinal inanimé,N8nnenol,,,,
Cinq (objets animés),Adjectif numéral cardinal animé,N8nnoak,,"Laurent, 1884, p.73",,
Pou (larve ou oeuf),A ?,N8phis,,"Wz8khilain, 1830, p.46",,
Foulard,VII;3;s;présent,N8pkosowan,Objet;Verbe;Vêtement,"Day, 1994, p.387",,
"Collier, foulard, cravate",VII;3;s;présent,N8pkowan,Objet;Verbe;Vêtement,"Wz8khilain, 1830, p.53",,
Il y a longtemps,VII,N8wat,,"Wz8khilain, 1830, p.46",,
Minuit,VII;3;s;présent,N8witbakat,,"Laurent, 1884, p.19",,
Cela (éloigné),Pronom démonstratif Animé,Na,,"Laurent, 1884, p.91",,
Un habitant du bas de la rivière.,NA,Naaia,Nom;Personne,"Day, 1994, p.343",,
En aval (adverbe),Adverbe,Naaiwi,Adverbe,"Day, 1994, p.343",,
Fesse,I ?,Nabi,,"Wz8khilain, 1830, p.48",,
Tôt,Adv,Nabiwi,,"Laurent, 1884, p.86",,
Mon cousin,NA,Nad8gwes,,"Laurent, 1884, p.22",,
Ma cousine,NA,Nad8gweskwa,,"Laurent, 1884, p.22",,
Rare,,Nadawi,,"Nolett-Ille, 1996, p.42",,
Rarement,,Nadawiwi,,"Laurent, 1884, p.101",,
Chasse,NI,Nadialow8gan,,"Wz8khilain, 1830, p.62",,
Chasseur,NA,Nadialwinno,Nom;Personne,"Laurent, 1884, p.34",,
"Prête-moi, laisse-moi avoir quelquechose pour un temps",VTA,Nadmihi,,,,
Quelqu'un pose une question à quelqu'un.,VTA isc,Nadodemokamek,Verbe,"Day, 1994, p.345",,
Une question,NI,Nadodemow8gan,Nom,"Day, 1994, p.345",,
Question,NI,Nadodmow8gan,,"Laurent, 1884, p.92",,
Fruit du cerisier déprimé,NI,Nagakoimen,Nom;Plante;Fruit,"Charland, p.15",,
Seigle,NI,Nagakowimen,Nom;Plante;Fruit,"Laurent, 1884, p.42",,
Sable,NI,Nagakw,Nom;Objet,"Rasles, 1831, p.525",,
Plafond,NI,Nagwiabakw8gan,,"Day, 1994, p.346",,
Dessous,Adv,Nagwiwi,,"Laurent, 1884, p.88","Nolett-Ille, 1996, p.2",
Anguille,NA,Nah8mo,,"Wz8khilain, 1830, p.53",,
Dinde,NA,Nahama,Nom;Animal;Oiseau,"Nolett-Ille, 1996, p.14",,
"Herbe à dinde, millefeuille, Achillea Millefolium",NI,Nahamibagw,Nom;Plante,"Rousseau, 1947, p. 46",,
En descendant le courant;En aval,Adv,Nahiwi;Naaiwi,,"Day, 1994, p.343",,
Coucher de soleil – Soleil couchant,NA,Nakihl8t kizos,,"Laurent, 1884, p.19",,
Un éternuement,NI,Nakwh8m8w8gan,,"Laurent, 1884, p.23",,
Partout,Adv,Nalwiwi,,"Laurent, 1884, p.87",,
Truite arc-en-ciel,NA,Namagw;Namakw,,"Wz8khilain, 1830, p.46",,
Poisson,NA,Namas,,"Wz8khilain, 1830, p.46",,
Viande de poisson,NI,Namasiia,,"Laurent, 1884, p.30",,
Quelqu’un voit quelquechose (A) ou quelqu’un,VTA,Namih8mek,,"Laurent, 1884, p.188",,
Chaise berçante,NI,Nanamnigan,Nom;Objet,"Day, 1994, p.349",,
Berceuse,NI,Nanamniganilintow8gan,Nom,"Day, 1994, p.349",,
Oiseau mouche,NA,Nanatasis,Nom;Animal;Oiseau,"Laurent, 1884, p.38",,
Quelqu’un garde/prend soin de quelquechose (I),VTI isc,Nanawald8zik,,"Laurent, 1884, p.188",,
Quelqu’un garde/prend soin de quelqu’un ou quelquechose (A),VTA isc,Nanawalm8mek,,"Laurent, 1884, p.188",,
Lune - Celle qui se promène,VAI;participe,Nanib8sat,Verbe;objet,"Laurent, 1884, p.14","Day, 1994, p.351",
Ma joue,NDI,Nanowa,Nom;Objet;Corps,"Day, 1994, p.351",,
Ma joue,NDI,Nanowa,Nom;Objet;Corps,"Day, 1994, p.351",,
Entre,Adv,Nansawiwi,,"Laurent, 1884, p.88",,
Serviette  de table,NI,Napkin,Verbe,"Laurent, 1884, p.28",,
Trois,Chiffre,Nas,,"Wz8khilain, 1830, p.89",,
Trois (chiffre),Numéral,Nas,Numéral,"Laurent, 1884, p.73",,
Treize (nombre),Numéral,Nas8kaw,Numéral,"Laurent, 1884, p.74",,
La respiration,NI,Nasawan,,"Laurent, 1884, p.23",,
Mercredi,NI,Nasda alokan,,"Laurent, 1884, p.19",,
Mercredi,NI,Nasdasanda,,"Nolett-Ille, ???, p.144",,
La trinité,VAI;Participe,Nasichebikinawsit,Verbe;Religion,"Laurent, 1884, p.13",,
Habituellement,Adv,Nat8wi,,"Masta, 1932, p.21",,
Alors;Ensuite;Et puis;Maintenant,Particule,Nawa,,"Masta, 1932, p.19",,
Petite eau (étang),NI,Nbis,,"Wz8khilain, 1830, p.44","Nolett-Ille, 1996, p.42",
Remède,NI,Nbizon,,"Wz8khilain, 1830, p.46",,
Eau minérale,NI,Nbizonbi,Nom,"Day, 1994, p.357",,
Jardin,NI,Nbizonkik8n,Nom;Lieu,"Laurent, 1884, p.69",,
Je paie.,VAI;1;s;présent,Nd'8banka,,"Laurent, 1884, p.114",,
Je paie quelqu’un (A).,VTA;1;s;présent,Nd'8bankaw8,,"Laurent, 1884, p.204",,
Je me repose,VAI;1;s;présent,Nd'8dabi,Verbe,"Laurent, 1884, p.111",,
Je converse,VAI,Nd'8dokazi,,"Masta, 1932, p.75",,
Je discute,VAI,Nd'8dokazi,,"Masta, 1932, p.75",,
Je rame,VAI;1;s;présent,Nd'8dolibia,Verbe,"Laurent, 1884, p.114",,
J'engage quelqu'un (A) d'indéfini.,VTAi,Nd'8gazah8,,"Laurent, 1884, p.72",,
Nous (exclusif) engageons quelqu'un (A) d'indéfini.,VTAi,Nd'8gazah8bna,,"Laurent, 1884, p.72",,
Nous (exclusif) engagerions quelqu'un (A) d'indéfini.,VTAi,Nd'8gazah8bnaba,,"Laurent, 1884, p.72",,
Je vend (sans spécifier quoi).,VAI;1;s;présent,Nd'8kohla,Verbe,"Day, 1994, p.425",,
Je vend quelquechose (A) à quelqu’un.,VTA;1;s;présent,Nd'8kolh8,,"Laurent, 1884, p.189",,
Je vend quelquechose (I) à quelqu’un.,VTI;1;s;Présent,Nd'8kolham,,"Laurent, 1884, p.189",,
Je me lève,VAI;1;s;présent,Nd'8mki,Verbe,"Nolett-Ille, 1996, p.27",,Se lever
Je vend quelquechose  à quelqu’un,VTA,Nd'8nkohl8n,,"Nolett-Ille, 1996, p.50",,
Je vend quelquechose (A) à quelqu’un.,VTA;1;s;Présent,Nd'8nkolh8,,"Laurent, 1884, p.71",,
Je vend quelquechose (A) d'indéfini à quelqu'un.,VTAi,Nd'8nkolh8,,"Laurent, 1884, p.71",,
Je vend quelquechose (I) d'indéfini à quelqu'un.,VTIi,Nd'8nkolh8,,"Laurent, 1884, p.71",,
Je vend quelquechose (A) de défini à quelqu'un.,VTAd,Nd'8nkolh8n,,"Laurent, 1884, p.71",,
Je vend quelquechose (A) de défini à quelqu'un.,VTAd,Nd'8nkolh8n,,"Laurent, 1884, p.71",,
Je vend quelquechose (I) à quelqu’un.,VTI;1;s;Présent,Nd'8nkolhato,,"Day, 1994, p.426",,
Je sue,VAI;1;s;présent,Nd'8psazi,Verbe,"Day, 1994, p.426",,
Je cuis,VAI;1;s;Présent,Nd'8ptadboka,,,,
Je raconte des histoires,VAI,Nd'8tlokazi,,"Day, 1994, p.428",,
Je campe,VAI,Nd'8tsi,,"Day, 1994, p.429",,
je répond (A),VAI,Nd'8zidawa,,"Nolett-Ille, 1996, p.42",,
Je fais du pain,VAI;1;s;Présent,Nd'ab8nka,,"Day, 1994, p.9",,
Je fabrique un panier,VAI,Nd'abaznodaka,,"Laurent, 1884, p.92",,
Nous (exclusif) (nombre connu) fabriquons un panier.,VAI,Nd'abaznodakabna,,"Laurent, 1884, p.92",,
Nous (exclusif) (nombre inconnu) fabriquons un panier.,VAI,Nd'abaznodakhedibna,,"Laurent, 1884, p.92",,
Je suis assis,VAI;1;s;présent,Nd'abi,Verbe,"Nolett-Ille, 1996, p.3",,S’assoir
Je veux quelquechose (I) d'indéfini.,VTI;1;s;Présent,Nd'achwaldam,,"Laurent, 1884, p.72",,
Je veux quelquechose (I) de défini.,VTId,Nd'achwaldamen,,"Laurent, 1884, p.94",,
Je veux quelqu'un (A),VTA,Nd'achwalm8,,,,
Je veux quelqu'un ou quelquechose (A) d'indéfini.,VTAi,Nd'achwalm8,,"Laurent, 1884, p.72",,
"Je cuisine, Je brasse",VAI;1;s;Présent,Nd'adboka,,"Day, 1994, p.9",,
"Je cuisine quelquechose (I), Je brasse quelquechose (I)",VTI;1;s;Présent,Nd'adbokwa,,"Nolett-Ille, 1994, p.12",,
J'enseigne quelquechose (I),VTI;1;s;Présent,Nd'agakidam,,"Laurent, 1884, p.182",,
J'enseigne,VAI,Nd'agakigami,,"Laurent, 1884, p.182",,
J'enseigne quelqu'un (A),VTA,Nd'agakim8,,"Laurent, 1884, p.182",,
On m'enseigne,VAI;1;s;présent,Nd'agakimgwzi,Verbe,"Day, 1994, p.12",,
J'étudie,VAI;1;s;présent,Nd'agakimzi,,"Laurent, 1884, p.204",,
Je lis quelquechose (I),VTI;1;s;présent,Nd'agidam,,"Laurent, 1884, p.182",,
Je lis quelquechose (A),VTA;1;s;présent,Nd'agim8,,"Laurent, 1884, p.182",,
Je lis,VAI;1;s;présent,Nd'agizi,,"Laurent, 1884, p.182",,
J’ai mal (douleur),VTI;1;s;présent,Nd'akwamadam,,"Laurent, 1884, p.103",,
Je suis malade,VAI;1;s;Présent,Nd'akwamalsi,,"Laurent, 1884, p.200",,
Je parle une langue.,VAI;1;s;Présent,Nd'al8dwa,Verbe,Charland,,
"Je patine (littéralement, je glisse en raquette).",VAI;1;s;présent,Nd'al8gemapozi,,"Laurent, 1884, p.50",,
Je vais par là,VAI;1;s;présent,Nd'alagosa,Verbe,"Laurent, 1884, p.95",,
Je pense/crois,VAI;1;s;Présent,Nd'alalda,Verbe,"Day, 1994, p.226",,
Je pense/crois quelquechose (I),VTI;1;s;présent,Nd'alaldam,,"Laurent, 1884, p. 104",,
Je fais (occupation),VAI,Nd'alaloka,,"Laurent, 1884, p.92",,
Je parle allemand,VAI,Nd'alem8n8dwa,,,,
Je pagaye,VAI,Nd'alibia,,Philippe Charland,,
Je pense/présume quelquechose (I).,VTI,Nd'alidah8dam,,"Laurent, 1884, p.183",,
Je pense/présume quelquechose (A).,VTA,Nd'alidah8m8,,"Laurent, 1884, p.183",,
Je pense,VAI,Nd'alidah8zi,,"Day, 1994, p.28",,
Je pense/présume.,VAI,Nd'alidah8zi,,"Laurent, 1884, p.183",,
Je vole (de façon indéterminée),VAI;1;s;Présent,Nd'alidoo,Verbe,Charland,,
Je couds,VAI;1;s;présent,Nd'aligw8nsa,,"Laurent, 1884, p.182",,
Je couds quelquechose (I),VTI;1;s;présent,Nd'aligwam,,"Laurent, 1884, p.182",,
Je couds quelquechose (A),VTA;1;s;présent,Nd'aligwaw8,,"Laurent, 1884, p.182",,
Je chante,VAI;1;s;présent,Nd'alinto,,"Day, 1994, p.155",,
Je m'appelle,VAI;1;s;présent,Nd'aliwizi,,"Laurent, 1884, p.92",,
Je parles Abénaki,VAI;1;s;Présent,Nd'aln8ba8dwa,Verbe,"Day, 1994, p.32","Nollett-Ille, 1996, p.49",
Je travaille,VAI;1;s;présent,Nd'aloka,,"Laurent, 1884, p.98",,
Je commande quelquechose (A) d'indéfini.,VTA;1;s;présent,Nd'alokami,,"Laurent, 1884, p.72",,
Je vais quelque part en marchant (de façon indéterminée).,VAI;1;s;Présent,Nd'alosa,Verbe,"Laurent, 1884, p.111",,Marcher (de façon indéterminée)
Je mange avec une cuillère,VTI;1;s;présent,Nd'amkw8nham,,"Day, 1994, p.385",,
Je pardonne quelqu'un (A),VTA;1;s;présent,Nd'anhalda,,"Nolett-Ille, 1996, p.35",,
Je nourris quelqu'un (A) ou quelquechose de défini.,VTA;1;s;Présent,Nd'asam8,,"Laurent, 1884, p.71",,
Je nourris quelqu'un (A) ou quelquechose de défini.,VTAd,Nd'asam8w8,,"Laurent, 1884, p.71",,
J'attends quelqu'un ou quelquechose (A),VTA,Nd'askawih8,,"Nolett-Ille, 1996, p.2",,
J'attends quelquechose (I),VTI,Nd'askawito,,"Laurent, 1884, p.92",,Attendre quelquechose (I)
J'attends quelqu'un ou quelquechose (A),VTAd,Nd'askawiton,,"Laurent, 1884, p.92",,
Je monte (escaliers).,VAI;1;s;présent,Nd'aspig8dawa,Verbe,"Laurent, 1884, p.95",,
Je fais un canot.,VAI;1;s;présent,Nd'atoli,Verbe,"Rasles, 1831, p.438",,
Je teins ou je couleur quelqu'un ou quelquechose d'animé.,VTA;1;s;présent,Nd'ats8,Verbe,"Laurent, 1884, p.44",,
Je teins ou je couleur.,VAI;1;s;présent,Nd'atsiga,Verbe,"Laurent, 1884, p.44",,
Je teins ou je couleur quelquechose d'inanimé.,VTI;1;s;présent,Nd'atsimen,Verbe,"Laurent, 1884, p.44",,
J'utilise quelquechose (A) ou quelqu'un.,VTA;1;s;présent,Nd'awakam8,,"Laurent, 1884, p.182",,
J'utilise quelquechose (I).,VTI,Nd'awakato,,"Laurent, 1884, p.182",,
J'apaise quelqu'un.,VTA,Nd'awigih8,,"Laurent, 1884, p.182",,
J’écris ou marque quelquechose (A),VTA;1;s;Présent,Nd'awikh8,Verbe,"Laurent, 1884, p.182",,
J’écris ou marque quelquechose (I),VTI;1;s;Présent,Nd'awikham,Verbe,"Laurent, 1884, p.182",,
J’écris,VAI,Nd'awikhiga,,"Laurent, 1884, p.182",,
Je cueille quelquechose (des baies ou des fruits),VAI,Nd'awizi,,"Day, 1994, p.510",,
Je déplace quelqu'un ou quelquechose (A),VTA,Nd'awsk8n8,,"Laurent, 1884, p.182",,
Je déplace quelquechose (I),VTI,Nd'awsk8nem,,"Laurent, 1884, p.182",,
Je trouble quelqu'un ou quelquechose (A),VTA,Nd'awsk8nkah8,,"Laurent, 1884, p.183",,
Je change de position ou de location.,VAI;1;s;présent,Nd'azowiga,Verbe,"Day, 1994, p.56",,
Je déplace mon campement.,VAI;1;s;présent,Nd'azowigabi,Verbe,"Day, 1994, p.56",,Déplacer son campement
Je suis <quelque part>,VAI;1;s;présent,Nd'aï,,"Laurent, 1884, p.161",,
Je dis quelquechose (I),VTIi,Nd'idam,,"Laurent, 1884, p.92",,
Je dis quelquechose (I) de défini,VTId,Nd'idamen,,"Laurent, 1884, p.93",,
Je parle anglais,,Nd'iglism8n8dwa,,,,
Je défends quelquechose (I),VTI;1;s;présent,Nd'ik8dem,,"Laurent, 1884, p.183",,
Je défends quelqu'un ou quelquechose (A),VTA;1;s;présent,Nd'ik8l8,,"Laurent, 1884, p.183",,
Je défends,VAI;1;s;présent,Nd'ik8lwa,,"Laurent, 1884, p.183",,
Je me défend moi-même,VAI;1;s;Présent,Nd'ik8lzi,,"Laurent, 1884, p.183",,
Je pense,VAI,Nd'lidah8zi,,"Day, 1994, p.271",,
Je raconte des histoires en conversant,VAI,Nd'tal8dokazi,,"Day, 1994, p.460",,
Mon menton,NI,Nd8pikan,,"Laurent, 1884, p.25",,
Non,,Nda,,,,
Tu ne m'aimes pas,,Nda K'kzalmiw,,"Nolett-Ille, 1996, p.1",,
Tu ne me comprends pas,,Nda K'wawtamiw,,"Nolett-Ille, 1996, p.10",,
Je ne comprends pas,,Nda N'wawtamow,,"Nolett-Ille, 1996, p.10",,
Je ne t'aime pas,,Nda k'kzalmelow,,"Nolett-Ille, 1996, p.1",,
Je ne te comprends pas,,Nda k'wawtamelow,,"Nolett-Ille, 1996, p.10",,
Tu n'as pas raison,VAI,Nda k'wl8maw,,"Laurent, 1884, p.94",,
Vous n'avez pas raison,VAI,Nda k'wl8mawba,,"Laurent, 1884, p.94",,
Nous (incl.) n'avons pas raison,VAI,Nda k'wl8mawbna,,"Laurent, 1884, p.94",,
Tu ne veux pas quelqu'un (A),VTAi,Nda kd'achwalm8w,,"Laurent, 1884, p.71",,
Tu ne vas pas,VAI,Nda kd'alosaw,,,,
Vous n'allez pas,VAI,Nda kd'alosawba,,,,
Nous n'allons pas (inclusif),VAI,Nda kd'alosawbna,,,,
Je n'aime pas quelqu'un (A),VTA,Nda n'kzalm8w,,"Laurent, 1884, p.71",,
Je ne perds pas quelquechose (I) d'indéfini.,VTIi,Nda n'waniadow,,"Laurent, 1884, p.71",,
Je ne sais pas,,Nda n'wawaldamow,,,,
Je ne le sais pas,,Nda n'wawaldamowen,,,,
Je n'ai pas raison,VAI,Nda n'wl8maw,,"Laurent, 1884, p.94",,
Nous (excl.) n'avons pas raison,VAI,Nda n'wl8mawbna,,"Laurent, 1884, p.94",,
Je ne veux pas quelqu'un (A),VTAi,Nda nd'achwalm8w,,"Laurent, 1884, p.72",,
Je ne vais pas,VAI,Nda nd'alosaw,,,,
Nous n'allons pas (exclusif),VAI,Nda nd'alosawbna,,,,
Il n'a pas raison,VAI,Nda w'wl8mawi,,"Laurent, 1884, p.94",,
Ils n'ont pas raison,VAI,Nda w'wl8mawiak,,"Laurent, 1884, p.94",,
Je ne possède pas quelquechose (A),VTA,Nda waj8nawi,,"Laurent, 1884, p.70",,
Il ne va pas,,Nda wd'alosawi,,,,
Ils ne vont pas,,Nda wd'alosawiak,,,,
Ni,Conjonction,Nda;8da,,"Laurent, 1884, p.89","Nolett-Ille, 1996, p.33",
Non,Adv,Nda;8da,,"Laurent, 1884, p.86",,
Il ne prendrait pas quelquechose (I),VTA,Ndaba wdnemowi,,"Laurent, 1884, p.71",,
{Conditionnel/futur négatif},Particule,Ndaba;ndahaba;8dahaba;O'daaba;Odaaba;8ndaba,,"Nolett-Ille, 2006, p.37,38",,
Mon papa,NAD,Ndadan,,"Masta, 1932, p.58",,
Mon oncle paternel,NAD,Ndadanis,,"Masta, 1932, p.58",,
Zéro (chiffre),Numéral,Ndakagwi,Numéral,"Laurent, 1884, p.91",,
Nullepart,,Ndat8m8;8dat8m8,,,,
Non en effet,Adv,Ndatta,,"Day, 1994, p.418","Nolett-Ille, 1996, p.17",
"Non, effectivement",Particule,Ndatta,,"Day, 1994, p.418",,
Épaule (Mon),NAD,Ndelm8gan,,"Laurent, 1884, p.25",,
Ma tête,NDI,Ndep,Nom;Corps,"Wz8khilain, 1830, p.48",,
Mon mal de tête,NID,Ndepinaw8gan,Nom;Maladie,"Laurent, 1884, p.24",,
Mon cheveu,NAD,Ndepkwan,Nom;Corps,"Wz8khilain, 1830, p.49",,
"Mon totem, mon ancêtre animal ",NAD,Ndodam,Nom;Personne,"Day, 1994, p.167",,
Poitrine,NAD,Ndolka,,"Wz8khilain, 1830, p.49",,
Mon rein,NDI,Ndolo,,"Wz8khilain, 1830, p.48",,
Ma bouche,NDI,Ndon,Nom;Corps,"Wz8khilain, 1830, p.48",,
Ma fille,NAD,Ndoz,,"Nolett-Ille, 1996, p.19",,
Je travaille,VAI,Nd’aloka,,"Laurent, 1884, p.182",,
Lac,NI,Nebes,Nom;Lieu,"Wz8khilain, 1830, p.44",,
Goglu des prés,NA,Nebesichogleskw,Nom;Animal;Oiseau,"Laurent, 1884, p.38",,
Étang,NI,Nebesis,Nom;Lieu,"Nolett-Ille, 1996, p.17","Nolett-Ille, 1996, p.15",
Eau,NI,Nebi,,"Wz8khilain, 1830, p.44",,
Fontaine,,Nebi moskijoak,,Philippe Charland,,
Rosée,VII;3;s;présent,Nebiskat,,"Laurent, 1884, p.17",,
"Ancien, Vieux",Particule,Neg8ni,,"Wz8khilain, 1830, p.49",,
Superstition,NI,Neg8ni wl8mawaldamw8gan,,"Laurent, 1884, p.69",,
"Vieilles personne, Des ancêtres",NA,Neg8nzosak,Nom;Personne,"Day, 1994, p.358",,
Aile,NDA,Nelgwan,,"Nolett-Ille, 1996, p.1",,
Ma main,NDI,Nelji,Nom;Corps,"Laurent, 1884, p.25",,
Mauvaise température,VII;3;s;présent,Neskekizgat,,,,
Facile,Particule,Ngemi,,"Day, 1994, p.357",,
Onze (nombre),Numéral,Ngwed8kaw,Numéral,"Laurent, 1884, p.74",,
Mille (nombre),Numéral,Ngwed8mkwaki,Numéral,"Laurent, 1884, p.76",,
Six (chiffre),Numéral,Ngwed8s,Numéral,"Laurent, 1884, p.73",,
Seize (nombre),Numéral,Ngwed8s kas8kaw,Numéral,"Laurent, 1884, p.74",,
Six mille (nombre),Numéral,Ngwed8s kas8mkwaki,Numéral,"Laurent, 1884, p.76",,
Six cent (nombre),Numéral,Ngwed8s kasatgwa,Numéral,"Laurent, 1884, p.75",,
Soixante (nombre),Numéral,Ngwed8s kasinska,Numéral,"Laurent, 1884, p.74",,
Cent (nombre),Numéral,Ngwedatgwa,Numéral,"Laurent, 1884, p.74",,
Unique,,Ngwedji,,"Nolett-Ille, 1996, p.50",,
Une année qui passe,VII,Ngwedjigaden,,"Laurent, 1884, p.20",,
L’année prochain,VII,Ngwedjigadga,,"Nolett-Ille, 1996, p.2",,
Une semaine,VII,Ngwedsanda,,"Nolett-Ille, ???, p.208",,
Seul,Adj,Ngweji,,"Nolett-Ille, 1996, p.45",,
Famille,NA,Ngwejigamikw,,"Nolett-Ille, 1996, p.18",,
Une seule famille,NI,Ngwejigamikw,,"Nolett-Ille, 1996, p.18",,
Mon corps,NDI,Nhaga,Nom;Corps,"Wz8khilain, 1830, p.49",,
Mon cuir chevelu,NDI,Nhagakw,,"Wz8khilain, 1830, p.49",,
Trois (objets inanimés),Adjectif numéral cardinal inanimé,Nhenol,,"Day, 1994, p.344",,
Cela (éloigné),Pronom démonstratif Inanimé,Ni,,"Laurent, 1884, p.89",,
Et puis (et après plus tard),Conjonction,Ni,,"Laurent, 1884, p.89",,
"Ainsi, alors",Conjonction,Ni nawa,,"Laurent, 1884, p.89",,
À ce moment là,,Ni tojiwi,,"Laurent, 1884, p.117",,
Alors,Conjonction,Ni wattak,,"Laurent, 1884, p.90",,
"Moi, Je",PP,Nia,,"Wz8khilain, 1830, p.83",,
"En moi, à moi, de moi",Pronom personnel,Niakta,,"Wz8khilain, 1830, p.88",,
Moi-même,Pronom personnel,Niatta,,"Wz8khilain, 1830, p.84",,
Durant la nuit,Adv,Nib8iwi,Adverbe,"Laurent, 1884, p.19",,
Noël,NI,Nib8ïamih8mek,,"Laurent, 1884, p.56",,
Été prochain,VII,Nibega,,"Nolett-Ille, 1996, p. 17",,
Été,VII,Niben,,"Wz8khilain, 1830, p.46",,
Été passé,VII,Nibena,,"Nolett-Ille, 1996, p. 17",,
Sud,NI,Nibenaki,,"Laurent, 1884, p.46",,
Sud,NI,Nibenaki,,"Day, 1994, p.47",,
En été,Adv,Nibeniwi,,"Wz8khilain, 1830, p.53","Nolett-Ille, 1996, p.13",
Ma dent,NDI,Nibid,,"Wz8khilain, 1830, p.48",http://www.mfw.us/blog/wp-content/uploads/2020/04/EditedAbenakiDictionaryNEWNEW.pdf,
Fruit de la viorne trilobée (Pimbina),NI,Nibimen,Nom;Plante;Fruit,"Laurent, 1884, p.62",,
Viorne trilobée (l'arbre),NA,Nibimenakwam,Nom;Plante;Arbre,"Laurent, 1884, p.32",,
Frère ou soeur cadet (plus jeune).,NAD,Nichemis,Nom;Personne,"Laurent, 1884, p.23",,
Mon frère ou ma soeur cadette.,NAD,Nichenis,,"Laurent, 1884, p.92",,
Mon ami,NAD,Nid8ba,,"Nolett-Ille, 1996, p.2",,
Mon petit-ami,NAD,Nid8basis,,,,
Amie,NAD,Nid8basiskwa,,"Nolett-Ille, 1996, p.2",,
Ma petite amie,NAD,Nid8baskwasis,,,,
Ma soeur/mon frère (terme employé lorsque le frère ou la soeur est du sexe opposé),NAD,Nid8pso,,"Laurent, 1884, p.21","Nolett-Ille, 1996, p.2",
Ici,Adv,Nidali,,,,
Animal domestique,NA,Nidazo,,"Laurent, 1884, p.41",,
Frère ou soeur aîné (plus vieux).,NAD,Nidokan,Nom;Personne,"Laurent, 1884, p.23",,
Alors,Particule,Niga,,"Nolett-Ille, 1996, p.2",,
Ma mère,NAD,Nigawes,,"Laurent, 1884, p.20",,
Ces personnes ou choses (A) à distance,Pronom démonstratif,Nigik,,"Day, 1994, p.365",,
Ma soeur (terme employé par une femme uniquement),NAD,Nijakaso,,"Laurent, 1884, p.21",,
Mon frère (terme employé par un homme uniquement),NAD,Nijia,,"Laurent, 1884, p.21",,
Prophétie,NI,Nik8n8jemow8gan,Nom,"Day, 1994, p.367",,
"En avant, en avance dans le temps ou l'espace.",Particule,Nik8ni,,"Day, 1994, p.366",,
Devant (temps ou espace),Adv,Nik8niwi,,"Laurent, 1884, p.88",,
Ceux qui viennent avant nous,VAI;1;s;présent,Nik8nk8goagik,,,,
Celui qui prédit le future,VAI;Participe,Nik8nwawizit,Nom;Personne,"Day, 1994, p.367",,
Maintenant,Adv,Nikw8bi,,"Laurent, 1884, p.101",,
Désormais,,Nikw8biwji,,"Nolett-Ille, 1996, p.13",,
Cuisse,NI,Nikwkwa,,"Wz8khilain, 1830, p.49","Nolett-Ille, 1996, p.20",
Ma langue (l'organe),NID,Nilalo,,"Nolett-Ille, 1996, p.27",,
Ma luette,NID,Nilalois,Nom;Corps,"Day, 1994, p.237",,
Ma belle soeur ou mon beau frère.,NAD,Nilem,Nom;Personne,"Laurent, 1884, p.23",,
Mon nombril,NID,Nili,Nom;Corps,"Day, 1994, p.237",,
Ces choses (I) là (éloigné).,Pronom démonstratif,Nilil,Pronom,"Laurent, 1884, p.93",,
Fourchette,NI,Nimatgwahigan,,"Wz8khilain, 1830, p.64",,
Quelqu’un va chercher quelquechose (I),VTI isc,Nimsk8zik,,"Laurent, 1884, p.187",,
Va chercher quelquechose (I),VTI;2;s;Impératif,Nimska,,"Laurent, 1884, p.187",,
Allez chercher quelquechose (I),VTI;2;p;Impératif,Nimskamogw,,"Laurent, 1884, p.187",,
Allez chercher quelqu’un ou quelquechose (A),VTA;2;p;Impératif,Nimskaw8gw,,"Laurent, 1884, p.187",,
Quelqu’un va chercher quelqu’un ou quelquechose (A),VTA isc,Nimskaw8mek,,"Laurent, 1884, p.187",,
Va chercher quelqu’un ou quelquechose (A),VTA;2;s;impératif,Nimskawa,,"Laurent, 1884, p.187",,
Alors,,Ninawa,,"Nolett-Ille, 1996, p.2",,
Alors,,Nioji,,"Nolett-Ille, 1996, p.2",,
Nous (exclusif),PP,Niona,,"Wz8khilain, 1830, p.83",,
Nous-même (exclusif),Pronom personnel,Nionatta,,"Wz8khilain, 1830, p.84",,
Deux (chiffre),Numéral,Nis,Numéral,"Laurent, 1884, p.73",,
Deuxième,,Nis akw8btak,,"Laurent, 1884, p.83",,
Douze (nombre),Numéral,Nis8kaw,Numéral,"Laurent, 1884, p.74",,
Mardi,NI,Nisda alokan,,"Laurent, 1884, p.19",,
Mardi,NI,Nisdasanda,,"Nolett-Ille, ???, p.140",,
Deux années qui passent,VII,Nisigaden,,"Nolett-Ille, 1996, p.2",,
Vingt (nombre),Numéral,Nisinska,Numéral,"Laurent, 1884, p.74",,
Vingt et un (nombre),Numéral,Nisinska taba pazokw,Numéral,"Laurent, 1884, p.74",,
Deux (objets inanimés),Adjectif numéral cardinal inanimé,Nisnol,,,,
Deux (objets animés),Adjectif numéral cardinal animé,Niswak,,,,
Mon époux/mon épouse,NAD,Niswiakw,,"Laurent, 1884, p.21",,
Immédiatement,Adv,Nitta,,"Laurent, 1884, p.87",,
Divinité,NI,Niwaskow8gan,,"Laurent, 1884, p.13",,
Esprit,NA,Niwaskw,,"Laurent, 1884, p.13",,
Mon nez,NID,Nj8l,Nom;Corps,"Wz8khilain, 1830, p.48",,
Mon muscle,NID,Njat,,"Wz8khilain, 1830, p.48",,
Ma Jambe,NID,Nk8t,Nom;Corps,"Rasles & Pickering, 1831, p.468",,
Espoir/Espérance,NI,Nkawatzow8gan,,"Day, 1994, p.370",,
Mon ongle,NA,Nkaz,,"Nolett-Ille, 1996, p.34",,
Mon genou,NID,Nkedekw,Nom;Corps,"Laurent, 1884, p.25",,
Mon coude,NID,Nkeskwan,Nom;Corps,"Laurent, 1884, p.25",,
"Ça tombe, Ça descend.",VII;3;s;présent,Nkihla,Verbe,"Laurent, 1884, p.103",,
Gorge,NID,Nkwed8gan,,"Laurent, 1884, p.98",,
Intestin,NID,Nlagzi,,"Wz8khilain, 1830, p.49",,
Mon coeur,NID,Nlaw8gan,,"Laurent, 1884, p.25",,
Trois (objets animés),Adjectif numéral cardinal animé,Nlhoak,,"Laurent, 1884, p.92",,
Mes sourcils,NAD,Nm8m8n,,"Rasles, 1831, p.419",,
Mon grand-père,NAD,Nmahom,,"Laurent, 1884, p.20",,
Ma soeur aînée,NAD,Nmesis,,"Laurent, 1884, p.92",,
Mon père,NAD,Nmit8gwes,,"Laurent, 1884, p.20",,
Mon défunt père,NAD,Nmit8gwesga,,"Laurent, 1884, p.122",,
Mon fils,NAD,Nnam8n,,"Nolett-Ille, 1996, p.20",,
Mon enfant,NAD,Nnij8n,,"Day, 1994, p.237",,
Ma maman,NA,Nnonon,,"Masta, 1932, p.58",,
Ma tante maternelle,NA,Nnononis,,"Masta, 1932, p.58",,
Moins,,Nod8,,"Masta, 1932, p.66",,
Musicien,NA,Nod8baktahigat,,"Day, 1994, p.372",,
Violoneux,VAI;Participe,Nod8baktahigat,Nom;Personne,"Laurent, 1884, p.34",,
Pêcheur,VAI;Participe,Nod8mat,,"Wz8khilain, 1830, p.53",,
Boulanger,NA;VAI;Participe,Nodab8nkat,,"Wz8khilain, 1830, p.59",,
Cuisinier,VAI;Participe,Nodadbokwat,,"Nolett-Ille, 1996, p.12",,
Forge,NI,Nodahlagokaigamikw,Nom;Lieu,"Laurent, 1884, p.40",,
Un navigateur (à la voile); celui qui navigue.,VAI;Participe,Nodaksit,Verbe,"Day, 1994, p.371",,
Domestique,NA,Nodalokat,,"Laurent, 1884, p.70",,
Sculpteur de cuillère,NI,Nodamkw8nkat,,"Wz8khilain, 1830, p.59",,
Tailleur de roche,NA,Nodapskaigat,,"Laurent, 1884, p. 34",,
Maçon,NA,Nodapskenigat,,"Laurent, 1884, p. 34",,
Fermier,NA,Nodkikad,,"Nolett-Ille, 1996, p.19",,
Bûcheron,VAI;Participe,Nodkwahit,Nom;Personne,"Laurent, 1884, p.34",,
Hôpital (maison du chirurgien),NI,Nods8gwatigamikw,Nom;Lieu,"Laurent, 1884, p.41",,
Boucher,VAI;3;s;Présent;Participe,Nodtah8t,Nom;Personne,"Laurent, 1884, p.203",,
Meunier,NA,Nodtahasit,,"Wz8khilain, 1830, p.59","Traditonnellement, médecin.",
Fabricant de canots.,Participe,Nodtolid,Nom;Personne,"Day, 1994, p.373",,
Quelqu'un qui fait quelquechose par profession.,Particule,Noji,,"Day, 1994, p.LVI",,
Pharmacien,NA,Noji nbizonhowad,,"Laurent, 1884, p.170",,
Sellier-harnacheur,VAI;Participe,Noji-asesw8bikat,Nom;Personne,"Laurent, 1884, p.34",,
Armurier,VAI;Participe,Noji-paskhiganikat,Nom;Personne,"Laurent, 1884, p.34",,
Couturier,VAI;Participe,Nojikz8wat,Nom;Personne,"Laurent, 1884, p.34",,
Quelquechose (I) est faible.,VII;3;s;présent,Nojmigen,,"Day, 1994, p.374",,
Il touche quelquechose (I),VTIi,Nojokam,,"Day, 1994, p.375",,
Il touche quelquechose (I),VTIi,Nojokawa,,"Day, 1994, p.375",,
Juin,NA,Nokahigas,,"Wz8khilain, 1830, p.89",,
Morue,NA,Nokamagw,,"Laurent, 1884, p.39",,
Herse,NI,Nokapodigan,,"Nolett-Ille, ???, p.119",,
Pierre tendre,NI,Nokapskw,,"Wz8khilain, 1830, p.46",,
"Ma tante du côté de mon père; Ma tante, la femme d'un frère de ma mère.",NAD,Nokem,,"Masta, 1932, p.58","Laurent, 1884, p.63",
Ma tante du côté de ma mère. Ma belle mère.,NAD,Nokemis,Nom;Personne,"Laurent, 1884, p.22",,
Farine,NI,Nokhigan,,"Wz8khilain, 1830, p.53",,
"Mou,Doux",Adj,Noki,,"Laurent, 1884, p.65",,
Ce (I) qui est mou.,Adj,Nokigek,,"Laurent, 1884, p.67",,
Quelquechose (I) est mou.,VII;G,Nokigen,,,,
Ce (A) ou celui qui est mou.,Adj,Nokigit,,"Laurent, 1884, p.67",,
Ma grand-mère,NAD,Nokmes,,"Laurent, 1884, p.20","Nolett-Ille, 1996, p.9",
Neuf (chiffre),Numéral,Noliwi,Numéral,"Laurent, 1884, p.74",,
Cerf de virginie,NA,Nolka,,"Wz8khilain, 1830, p.46",,
La somnolence,NI,Nolmekwsow8gan,,"Laurent, 1884, p.23",,
Un éclaireur,NA,Nopawsawinno,Nom;Personne,"Day, 1994, p.379",,
Loin,Adv,Nopaïwi,,"Laurent, 1884, p.86",,
Mon petit-fils/petite-fille,NAD,Noses,,"Laurent, 1884, p.21",,
Quelqu'un suit quelquechose (I) pour quelqu'un,VTI isc,Nosokamaw8mek,,"Day, 1994, p.380",,
En haut,Adv,Nospiwi,,"Day, 1994, 381","Wz8khilain, 1830, p.38",
Hôpital,NI,Notch8gwaigamikw,,"Laurent, 1884, p.41",,
Cordonnier,NA,Notkezenikat,,"Wz8khilain, 1830, p.59",,
Fermier,NA,Notkikad,,"Masta, 1932, p.92",,
Fermier,NA,Notkikat,,"Wz8khilain, 1830, p.53",,
Mon poumon,NAD,Npan,,"Wz8khilain, 1830, p.49",,
Mon bras,NID,Npedin,Nom;Corps,"Laurent, 1884, p.25",,
Succotash (met autochtone),NA,Ns8b8n,Nom;Nourriture,"Wz8khilain, 1830, p.46","Nolett-Ille, 1996, p.11",
Huit (chiffre),Numéral,Ns8zek,Numéral,"Laurent, 1884, p.74",,
Couteau,NA,Nsakwakw,,"Wz8khilain, 1830, p.46",,
Entre (entre deux objets),Adv,Nsawiwi,Adverbe,"Laurent, 1884, p.47",,
Mon œil ou mon visage,NID,Nsizekw,Nom;Corps,"Wz8khilain, 1830, p.48",,
Mon front,NAD,Nskatgwa,,"Wz8khilain, 1830, p.48",,
Avec,Préposition,Nspiwi,,"Nolett-Ille, 1996, p.4",,
Mon oreille,NID,Ntawakw,Nom;Corps,"Wz8khilain, 1830, p.48",,
Mon oncle maternel,NAD,Nzasis,,"Masta, 1932, p.58",,
Mon pied,NID,Nzit,Nom;Corps,"Laurent, 1884, p.25",,
Village,NI,Odana,Nom;Lieu,"Laurent, 1884, p.89",,
Petit village,NI,Odanasis,Nom;Lieu,Charland,,
Mouche,NA,Ojawas,,"Wz8khilain, 1830, p.53",,
Asticot,NA,Okwa,Nom;Animal;Insect,"Day, 1994, p.399",,
Bateau,NI,Ol,Nom;Objet,"Laurent, 1884, p.14",,
Ciel bleu,,Ol8wkw,,"Wz8khilain, 1830, p.46","Masta, 1932, p.56",
Ciel dégagé,,Ol8wkw,,"Wz8khilain, 1830, p.46",,
Bateau,NI,Olagw,Nom;Objet,"Day, 1994, p.399",,
Fourrure,NI,Oswadagen,Nom;Objet,"Day, 1994, p.469",,
Quelquechose (I) est poilu.,VII;G,Oswigen,,,,
Casque de poil,NI,Oswikask,Nom;Objet;Vêtement,Charland,,
Chapeau de fourrure,NI,Owsikask,,???,http://www.mfw.us/blog/wp-content/uploads/2020/04/EditedAbenakiDictionaryNEWNEW.pdf,
Tourbière,NI,P8bakw;P8bagw,,"Wz8khilain, 1830, p.44",,
La Toussaint,VTA recip isc,P8batamawawdimek,Verbe,"Laurent, 1884, p.56",,
Religion,NA,P8batamw8gan,Nom,"Day, 1994, p.135",,
Personne qui prie (Chrétien),NA,P8batamwinno,,"Laurent, 1884, p.9",,
Une personne religieuse,NA,P8batamwinno,Nom,"Day, 1994, p.135",,
Mélèze,NA,P8bn8dageso,Nom;Plante;Arbre,"Laurent, 1884, p.33",,
Baleine,NA,P8daba,,"Wz8khilain, 1830, p.53",,
Une pipe en plâtre,NI,P8gan,Nom;Objet,"Day, 1994, p.440",,
Peu profond,,P8gwa,,"Wz8khilain, 1830, p.46","Masta, 1932, p.55",
Lune,NA,P8gwas,,"Wz8khilain, 1830, p.46",,
C’est le clair de lune,VII;3;s;présent,P8gwasen,Verbe,"Laurent, 1884, p.14",,
Pure,Adj,P8gwi,,"Laurent, 1884, p.65",,
Mange quelquechose de pure sans l'appréter.,VAI,P8gwipi,,"Day, 1994, p.440",,
Gauche,Adv,P8jiwi,Adverbe,"Laurent, 1884, p.95",,
Paon,NA,P8l8baïsips,Nom;Animal;Oiseau,"Laurent, 1884, p.38",,
Rapides/Chutes,I ?,P8ntegw,,"Wz8khilain, 1830, p.46",,
Le plaisir,NI,P8w8wzow8gan,,"Wz8khilain, 1830, p.66",,
Au dessus de,Adv,P8zijiwi,,"Laurent, 1884, p.89",,
C'est une salutation pour une personne que l'on n'a pas vu depuis un certain temps.,VAI;1;s;Présent;Conjoint,Paakwin8gwzian,,"Laurent, 1884, p.116",,
Meilleur,Adv,Paamadowi,Adverbe,"Laurent, 1884, p.114",,
Plus,Adv,Paami,,"Masta, 1932, p.66",,
Environ,Particle,Pab8mi;Bab8mi,,"Day, 1994, p.62",,
Environ,Adverbe,Pab8miwi,,"Laurent, 1884, p.87",,
Grêle,NA,Pabadekw,Nom,"Laurent, 1884, p.17",,
"Un ancêtre, quelqu'un qui vient avant dans le temps.",VAI;participe,Pabajigwejit,Verbe,"Day, 1994, p.58",,
"Avec clareté, profondeur, perfection",Participe,Pabaki,,"Day, 1994, p.58",,
Chapeau,I?,Pabalhat,,"Wz8khilain, 1830, p.53",,
Moitié,Adv,Pabasiwi,Adverbe,"Laurent, 1884, p.103",,
Sangsue,NA,Pabaskw,,"Wz8khilain, 1830, p.46",,
Une balle (pour jouer),NI,Pabaskwham8gan,Nom;Objet,"Day, 1994, p.59",,
Puce,NA,Pabikw,,"Wz8khilain, 1830, p.46",,
Tonnerre,NA,Pad8gi,,"Laurent, 1884, p.105",,
Il tonne,VAI;3;s;Présent,Pad8gioo,,Charland,,
Patate,NA,Padates,Nom;Plante;Légume,"Wz8khilain, 1830, p.53",,
Bateau,NI,Pados,,"Laurent, 1884, p. 17",,
Noix,NI,Pag8n,Nom;Plante;Fruit,"Wz8khilain, 1830, p.46",,
Noisette,NI,Pag8nis,Nom;Plante;Fruit,"Laurent, 1884, p.31",,
Noyer cendré,NA,Pag8nozi,Nom;Plante;Arbre,"Wz8khilain, 1830, p.59",,
Sang,NA,Pagakan,,"Wz8khilain, 1830, p.52",,
Marteau,NI,Pagam8gan,Nom;Objet,"Day, 1994, p.65",,
Caryer,NA,Pagimenakwam,Nom;Plante;Arbre,"Day, 1994, p.66","Wz8khilain, 1830, p.86",
Noyer noir,NA,Pagimizi,Nom;Plante;Arbre,"Wz8khilain, 1830, p.59",,
"Iel arrive, iel se passe",VII,Pai8moo,,"Day, 1994, p.68",,
Au cas où,Conjonction,Pajitbihl8ga,,"Laurent, 1884, p.90",,
Un ciel clair,NI,Pakasokw,,"Day, 1994, p.69",,
Le ciel est clair,VII;3;s;présent,Pakasokwat,,"Day, 1994, p.69",,
Perdrix,NA,Pakeso,Nom;Animal;Oiseau,"Wz8khilain, 1830, p.53",,
"Mitchella repens, Pain-de-perdrix",NI,Pakeswimen,Nom;Plante,"Day, 1994, p.69",,
Similaire,,Paki,,"Wz8khilain, 1830, p.46","Laurent, 1884, p.61",
Boîte,NI,Paks,,"Wz8khilain, 1830, p.44",,
Télévision,VII,Paks kinamotlhoat,Nom;Objet,Charland,,
Flèche,NI,Pakwa,,"Wz8khilain, 1830, p.46",,
C’est sec,VII;3;s;présent,Pakwsatakizgat,,"Laurent, 1884, p.21",,
Epibolum angustifolium,NI,Palasinbizon,Nom;Plante,"Rousseau, 1947, p. 41",,
Ailleurs,Adv,Paliwi,,"Nolett-Ille, 1996, p.1",,
C’est cette semaine,VII,Pamalokamek,,"Laurent, 1884, p.116",,
Ce soir,"VII, Conjonction",Pamel8gwik,,"Laurent, 1884, p.110",,
Quand,Particule,Pami,,"Nolett-Ille,???, p.189",,
Pendant que quelqu'un pagaye.,VAI isc,Pamibiamek,Verbe,"Laurent, 1884, p.114",,
Cette année,VII,Pamigadek,,"Nolett-Ille, 1996, p.2",,
Dans les broussailles,,Pamipizagak,,"Laurent, 1884, p.40",,
Aujourd'hui,VII;3;s;présent,Pamkizgak,,"Laurent, 1884, p.110",,
Quand c’est le soir,VII;3;s;présent,Paml8gwik,,"Nolett-Ille, 1996, p.46",,
C’est cette semaine,VII,Pamsandak,,"Nolett-Ille, 1996, p.45",,
Clairière,,Pamskoda,,,,
Banane,NI,Pananas,Nom,"Day, 1994, p.77",,
Sanguinaire du Canada,NA,Papagakanilh8k,Nom;Plante,"Laurent, 1884, p.32",,
Quand iel (A) arrive.,VAI,Papai8da,,"Laurent, 1884, p.88",,
"Menthe, bonbon","NI, NA",Papalman,Nom;Objet,"Rousseau, 1947, p. 44",,
"Mitchella repens, Pain-de-perdrix",NI,Papatigwibagasiwi,Nom;Plante,"Rousseau, 1947, p. 44",,
Jouer,VAI,Papin,,"Wz8khilain, 1830, p.46",,
Jouet,NI,Papitomk8gan,,"Nolett-Ille, 1996, p.26",,
"Un avion, ce qui va tout seul",VII participe,Papizowilh8k,Nom;Objet,"Day, 1994, p.432",,
Une horloge,VII participe,Papizowkwazik,Nom;Objet,"Laurent, 1884, p.102",,
Armoire,NI,Papkwedan8zik,,"Nolett-Ille, 1996, p.3",,
Engoulevent bois-pourri (Antrostomus vociferus),NA,Papoles,Nom;Animal;Oiseau,"Laurent, 1884, p.38",,
Il devient gonflé.,VAI;3;s;présent,Paposa,,"Day, 1994, p.81",,
Il devient gonflé.,VII;3;s;présent,Paposa,,"Day, 1994, p.81",,
Jeu,NI,Papow8gan,,"Nolett-Ille, 1996, p.25",,
Pin rouge,NA,Pasaakw,Nom;Plante;Arbre,"Laurent, 1884, p.32","Nolett-Ille, 1996, p.30",
Moulin à bois,NI,Pasakw8gan,Nom;Lieu,"Laurent, 1884, p.40",,
Fusil,NI,Paskhigan,,"Laurent, 1884, p.66",,
Midi,NA,Paskwa,,"Wz8khilain, 1830, p.44",,
Ce midi,,Paskwak,,"Laurent, 1884, p.101",,
Proche dans le temps et l'espace,Adv,Pasodawiwi,,"Laurent, 1884, p.89",,
Près,Adv,Pasojiwi,,"Laurent, 1884, p.89",,
Poudre à pâte ou levure,NI,Pasosakhigan,,"Day, 1994, p.81",,
États-Unis d’Amérique,NI,Pastonki,,"Laurent, 1884, p.53",,
Manteau (Paletot),NI,Pat8n,,???,"Nolett-Ille, 1996, p.48",
Parle pour rien dire,VAI,Pat8wa,,"Day, 1994, p.82",,
Tarte,NA,Pata,,"Wz8khilain, 1830, p.46",,
Patate,NA,Patades,Nom;Plante;Légume,"Laurent, 1884, p.30",,
Cornus canadensis - Quatre-Temps ou Cornouiller du Canada,NI,Patkilabagw,Nom;Plante;Arbre,"Rousseau, 1947, p. 42",,
Faire face à quelqu'un,Particule,Patkwa,,"Day, 1994, p.XXXII",http://www.mfw.us/blog/wp-content/uploads/2020/04/EditedAbenakiDictionaryNEWNEW.pdf,
Bouton,NI,Patnes,,"Wz8khilain, 1830, p.46",,
Blessure (gore),A ?,Pato,,"Wz8khilain, 1830, p.46",,
Un (objets animés),Adjectif numéral cardinal animé,Pazgo,,"Laurent, 1884, p.89",,
Une fois,Numéral,Pazgweda,,"Laurent, 1884, p.79",,
Un (objets inanimés),Adjectif numéral cardinal inanimé,Pazgwen,,,,
Un (chiffre),Numéral,Pazokw,Numéral,"Laurent, 1884, p.73",,
Il arrive,,Païa,,"Wz8khilain, 1830, p.88",,
Ils arrivent,,Païak,,"Wz8khilain, 1830, p.88",,
Hiver prochain,VII,Pboga,,"Nolett-Ille, 1996, p. 24",,
Hiver,VII,Pbon,,"Nolett-Ille, 1996, p. 24",,
Hiver passé,VII,Pbona,,"Nolett-Ille, 1996, p. 24",,
Manteau d'hiver,NI,Pbonipitk8zon,Nom;Objet;Vêtement,"Day, 1994, p.84",,
En hiver,Adv,Pboniwi,,"Nolett-Ille, 1996, p. 24",,
Décembre,NA,Pbonkas,,"Wz8khilain, 1830, p.89",,
Nord,NI,Pbonki,,"Day, 1994, p.46",,
Ours polaire,NA,Pbonkiawasos,,"Day, 1994, p.439",,
Corbeau,NA,Pbonkimkazas,,"Day, 1994, p.439",,
Quelqu’un revient à pied.,VTA,Pedgosamek,,"Masta, 1932, p.76",,
Rouleau,NI,Pedgwakwam,Nom;Objet,Charland,,
Il y a une tornade,VII;3;s;présent,Pedgwel8msen,Verbe,"Laurent, 1884, p.35",,
De la gomme,NA,Pego,,"Laurent, 1884, p.10",,
Moustique/Mouche noire/Brulot,NA,Pegwes;Pegwis;Peguis,,"Wz8khilain, 1830, p.44",,
Quelqu'un envoie quelqu'un ou quelquechose (A),VTA isc,Pejidakamek,Verbe,"Laurent, 1884, p.192",,
Fumée,NI,Pekeda,,"Laurent, 1884, p.16",,
Pigeon,NA,Pelaz,Nom;Animal;Oiseau,"Wz8khilain, 1830, p.45",,
Graisse,NI,Pemi,,"Wz8khilain, 1830, p.46",,
Voyage,NI,Pemkannow8gan,,"Nolett-Ille, 1996, p.52",,
Clôture,NI,Pemlodigan,,"Laurent, 1884, p.89",,
Traverse de clôture,NI,Pemlodiganakwam,,"Day, 1994, p.93",,
Ciboule,NA,Pepapen,Nom;Plante;Légume,"Aubéry, 1715, p.116",,
Brume,NI,Pesagawan,,"Laurent, 1884, p.104",,
Brume,NI,Pesgawan,,"Nolett-Ille, 1996, p.7",,
Gadelle,NI,Pesimen,,"Wz8khilain, 1830, p.58",,
Gadelle,NI,Pesimen,Nom;Plante;Fruit,"Laurent, 1884, p.31",,
Sac à outil,NI,Pesnoda,,"Wz8khilain, 1830, p.50",,
Poudre (à canon),NI,Peza,,"Laurent, 1884, p.61",,
Lynx,NA,Pezo,,"Wz8khilain, 1830, p.46",,
Femme,NA,Phanem,,"Laurent, 1884, p.10",,
Robe,NI,Phanemipitk8zon,Nom;Objet;Vêtement,"Laurent, 1884, p.27",,
Février,,Pia8dagos,,"Wz8khilain, 1830, p.89",,
Poil,NI,Piaso,,"Aubéry, 1715, p.406",,
Eau vaseuse,NI,Pibganbi,Nom,"Laurent, 1884, p.15",,
Pêchier,NA,Picesakwam,Nom;Plante;Arbre,"Day, 1994, p.107",,
Entrée (de bâtiment ou de cours d’eau),NI,Pidhigan,,"Day, 1994, p.108",,
Entre quelquechose (I),VTI;2;s;impératif,Pidigado,,"Laurent, 1884, p.116","Nolett-Ille, 1996, p.11",
Entrée,NI,Pidigalzow8gan,Nom;Maison,"Day, 1994, p.109",,
Cochon,NA,Pigs,,"Wz8khilain, 1830, p.44",,
Bois pourris (spunk),NI,Pigweskw,,"Wz8khilain, 1830, p.46","Laurent, 1884, p.61",
Corde,NI,Pihan;Pian;Pik8n,,"Wz8khilain, 1830, p.44",,
Cochon,NA,Piks,,"Laurent, 1884, p.35",,
Papier,NI,Pilaskw,,"Wz8khilain, 1830, p.46",,
Billet de banque,NI,Pilaskwim8ni,,"Laurent, 1884, p.69",,
Nouveau,,Pildowi,,"Laurent, 1884, p.65",,
Nouveau,,Pili,,"Laurent, 1884, p.65",,
Nouvelle terre,I ?,Pilki,,"Wz8khilain, 1830, p.46","Nolett-Ille, 1996, p.17",
Érable à giguère,NA,Pilkimizi,Nom;Plante;Arbre,"Day, 1994, p.114",,
Perruque,NI,Pilw8ntegw,Nom;Object,"Laurent, 1884, p.26",,
Différent,,Pilwi,,"Wz8khilain, 1830, p.46",,
Nouvelle année,,Pilwigaden,,,,
Épingle,NA,Pins,,"Wz8khilain, 1830, p.44",,
Mirroir,I?,Pipinawjakw8gan,,"Laurent, 1884, p.27","Masta, 1932, p.55",
,,Pipsawas,,,,
Saccoche,NI,Pit8gan,Nom;Objet;Vêtement,???,"Nolett-Ille, 1996, p.29",
Cougar,NA,Pit8lo,,"Laurent, 1884, p.35",,
Beaucoup,,Pita,,"Wz8khilain, 1830, p.46",,
Mousse/Écume,,Pitah,,"Wz8khilain, 1830, p.46",,
Manteau,NI,Pitk8zon,Nom;Objet;Vêtement,"Wz8khilain, 1830, p.54",,
Ce (I) qui est petit.,Adj,Piwesek,,"Laurent, 1884, p.67","Nolett-Ille, 1996, p.38",
Petit,,Piwi,,"Nolett-Ille, 1996, p.37",,
Quelquechose (I) est petit.,VII,Piwsa,,"Wz8khilain, 1830, p.52","Nolett-Ille, 1996, p.35",
Celui ou ce [A] qui est petit.,Adi,Piwsesit,,"Laurent, 1884, p.67",,
Pois (un),NI,Piz,,"Wz8khilain, 1830, p.44",,
"Ce (I) qui est futile, bon à rien.",Adj,Pizwadoik,,"Laurent, 1884, p.68",,
"Quelqu'un, ce (A) qui est futile, bon à rien.",Adj,Pizwadoit,,"Laurent, 1884, p.68",,
"Futile, bon à rien",,Pizwi,,"Laurent, 1884, p.65",,
Écorce,I ?,Pkwah8,,"Wz8khilain, 1830, p.46","Nolett-Ille, 1996, p.10",
Ciseau à bois,,Pkwamhigan,,"Wz8khilain, 1830, p.51",,
Glace (de la),NA,Pkwami,,"Wz8khilain, 1830, p.46",,
Pain (plat cuit sur de la braise),NA,Pkwazigan,,"Wz8khilain, 1830, p.54",,
Clé,NI,Pkwesagahigan,,"Wz8khilain, 1830, p.64",,
Français,NA,Plachm8n,,"Laurent, 1884, p.53",,
La langue française,NI,Plachm8n8dwaw8gan,,"Nolett-Ille, 1996, p.27","Laurent, 1884, p.26",
France,NI,Plachm8nki,,"Laurent, 1884, p.53",,
Écureuil volant,NA,Planikw;Planigw,,"Wz8khilain, 1830, p.44",,
Pigeon/Tourte,NA,Plaz,,"Wz8khilain, 1830, p.50","Nolett-Ille, 1996, p.37",
Pantalon,NI,Plejes,Nom;Objet;Vêtement,"Wz8khilain, 1830, p.46",,
Vivification (la),,Pm8wzikhodw8gan,,"Wz8khilain, 1830, p.66",,
Une personne,NA,Pm8wzowinno,,"Laurent, 1884, p.67",,
Graisseux,,Pmioo,,"Wz8khilain, 1830, p.46","Laurent, 1884, p.36",
Bile,,Pmowa,,"Wz8khilain, 1830, p.46",,
Hirondelle de rivage,NA,Pneg8kihlasis,Nom;Animal;Oiseau,"Laurent, 1884, p.38",,
Colline sablonneuse,NI,Pnek8kw,,"Wz8khilain, 1830, p.44",,
Octobre,NA,Pnibagos,,"Wz8khilain, 1830, p.89",,
Baleine,NA,Podaba,,"Nolett-Ille, 1996, p.4",,
L’action de souffler,NA,Podawaw8gan,Nom;Action,"Day, 1994, p.438",,
Conseil de bande,NA,Podawazimek,,"Masta, 1932, p.36",,
Conseil de bande,NA,Podawazw8gan,,"Masta, 1932, p.36",,
Conseil de bande,NI,Podawazwigamikw,Nom;Lieu,,,
Pudding,NA,Podin,,"Wz8khilain, 1830, p.46",,
Butor d’amérique,NA,Pokhamenes,Nom;Animal;Oiseau,"Laurent, 1884, p.38",,
Oreiller,NA,Pokwahsimon,,"Wz8khilain, 1830, p.59",,
"Brandon, Tison, Torche",NI,Pokwda,,"Wz8khilain, 1830, p.46",,
Traquet motteux,NA,Pokwi sigoskwasis,Nom;Animal;Oiseau,"Laurent, 1884, p.38",,
La rédemption,NI,Polwakhowaw8gan,Nom,"Laurent, 1884, p.13",,
Sauveur,NA,Polwakhowawinno,Nom,"Laurent, 1884, p.13",,
Salut,NI,Polwaw8gan,Nom,"Laurent, 1884, p.14",,
Mets/place quelqu'un ou quelquechose (A),VTA;2;s;impératif,Pona,,"Laurent, 1884, p.189",,
Mets/place quelquechose (I),VTI;2;s;impératif,Pona,,"Laurent, 1884, p.189",,
Mets/place,VAI;2;s;Impératif,Ponasi,,"Laurent, 1884, p.189",,
L’acte d’allumer ou d’entretenir un feu,NA,Ponsaw8gan,,"Wz8khilain, 1830, p.59",,
Canneberge,NI,Popokwa,Nom;Plante;Fruit,"Laurent, 1884, p.62",,
Cerceuil,NI,Poskenigan,Nom;Objet,"Laurent, 1884, p.207",,
Cimetière,NI,Poskeniganigamikw,Nom;Lieu,"Laurent, 1884, p.207",,
Bouteille,NA,Pot8ïa,Nom;Objet,"Wz8khilain, 1830, p.53",,
Botte,NI,Pots,Nom;Objet;Vêtement,"Wz8khilain, 1830, p.44","Laurent, 1884, p.36",
Il neige,VII;3;s;présent,Ps8n,,"Laurent, 1884, p.17",,
Il neigera,VII;3;s;futur,Ps8nji,,"Laurent, 1884, p.201",,
Mûre(Ronce noire),NA,Psakwdamen,Nom;Plante;Fruit,"Laurent, 1884, p.31",,
Mûrier(Ronce noire),NA,Psakwdamenimozi,Nom;Plante,"Wz8khilain, 1830, p.63",,
Plein,,Psanba,,"Wz8khilain, 1830, p.45",http://www.mfw.us/blog/wp-content/uploads/2020/04/EditedAbenakiDictionaryNEWNEW.pdf,
Écureuil noir,NA,Psanikw;Psanigw,,"Wz8khilain, 1830, p.45",,
Plein,,Psanta,,"Wz8khilain, 1830, p.45",,
Planche,NI,Psigaskw,,"Wz8khilain, 1830, p.44",,
Petite planche,NI,Psigaskwis,Nom;Objet,"Day, 1994, p.102",,
Demi/Partie de/Un morceau,,Psigia,,"Wz8khilain, 1830, p.44","Laurent, 1884, p.36",
Branche,NI,Pska8tkwen,Nom;Plante;Arbre,"Wz8khilain, 1830, p.66",,
Fleur,NI,Pskwasaw8n,,"Laurent, 1884, p.9",,
Aronie,NA,Psolimen,Nom;Plante;Fruit,"Rousseau, 1947, p. 40",,
Arbuste à aronie,NA,Psolimenakwam,Nom;Plante;Arbre,"Day, 1994, p.442",,
Épais,,Pzagwa,,"Wz8khilain, 1830, p.46",,
Bison,NA,Pziko,,"Wz8khilain, 1830, p.46",,
À travers,Adv,S8biwi,,"Laurent, 1884, p.89",,
Homard,NA,S8ga,,"Laurent, 1884, p.39",,
Se jette (rivière),VII;3;s;présent,S8gdalha,Verbe,"Masta, 1932, p.26",,
Quelquechose (I) est dur.,VII;Z,S8gla,,,,
Ce (I) qui est dur.,Adj,S8glak,,"Laurent, 1884, p.68",,
"Il se sent solide, il se sent en santé",VAI;3;s;Présent,S8glamalso,,"Laurent, 1884, p.99",,
Santé (la),NI,S8glamalsow8gan,,"Laurent, 1884, p.24",,
Solide,Adj,S8gli,,"Laurent, 1884, p.65",,
Ce (A) ou celui qui est solide.,Adj,S8glizit,,"Laurent, 1884, p.68",,
Chef,NA,S8gm8,,"Wz8khilain, 1830, p.49",,
Chef,NA,S8gm8skwa,,"Nolett-Ille, 1996, p.9",,
Saint,,S8gm8wi,,"Laurent, 1884, p.65",,
Vivre paisiblement,,S8gnauw8wzimek,,"Masta, 1932, p.76",,
Paix (la),NI,S8gnaw8wzow8gan,,"Nolett-Ille, 1996, p.35",,
Sois tranquilles,VAI,S8gnawabi,,"Laurent, 1884, p.94",,
Soyons tranquilles,VAI,S8gnawabida,,"Laurent, 1884, p.94",,
Soyez tranquilles,VAI,S8gnawabikw,,"Laurent, 1884, p.94",,
Hôtel,NI,S8khebaïgamikw,Nom;Lieu,"Laurent, 1884, p.40",,
Celui qui vient en rampant; un enfant qui va nous remplacer.,VAI,S8khigwezit,,"Day, 1994, p. 536","Nolett-Ille, 1996, p.13",
Lever du soleil – Soleil levant,NA,S8khipozit kizos,,"Laurent, 1884, p.19",,
Oxalis acetosella,VII;3;s;présent,S8sowipogwat,Nom;Plante,"Day, 1994, p.457",,
Sud,NI,S8wanaki,,"Laurent, 1884, p.46",,
Souvent,Adv,S8waïwi,,"Day, 1994, p.537",,
Vivre pauvrement,,Saag8wzimek,,"Masta, 1932, p.76",,
Ah! Misère!,Interjection,Saagat,Interjection,"Laurent, 1884, p.90",,
Demain,Particle,Saba,Nom;Temps,"Laurent, 1884, p.86",,
"Grande Bardane, Arctium Lappa",NI,Sagadabobagw,Nom;Plante,"Rousseau, 1947, p. 45",,
If du canada,NA,Sagask8dakw,Nom;Plante;Arbre,"Laurent, 1884, p.32",,
"Baguette, Refouloir",NI,Sagw8lhigan,,"Laurent, 1884, p.12",,
Belette,NA,Sagwasis,,"Laurent, 1884, p.36",,
Cidre,NI,Saidal,,"Wz8khilain, 1830, p.47",,
Dans le bois,Adverbe,Sakhiwi,Adverbe,"Day, 1994, p.516",,
Bague,NI,Sakiljahon,Nom;Objet;Vêtement,"Wz8khilain, 1830, p.61",,
Boucle de nez,NI,Sakj8lhon,Nom;Objet,Charland,,
Boucle d'oreille,NI,Saksahon,Nom;Objet;Vêtement,"Wz8khilain, 1830, p.55",,
Poêle à frire,NI,Sal8mkwazigan,Nom;Objet,"Day, 1994, p.516",,
Sumac,NA,Sal8n,,"Wz8khilain, 1830, p.47",,
Soudainement,Adv,Salakiwi,,"Day, 1994, p. 519",,
Chaloupe,NI,Salaspaolagw,Nom;Objet,"Rasles, 1831, p.406",,
Homme,NA,San8ba,,"Laurent, 1884, p.66",,
Population masculine,NI,San8baw8gan,,"Wz8khilain, 1830, p.63",,
Dimanche,NI,Sanda,,"Wz8khilain, 1830, p.47",,
Sortie,NI,Saosaw8gan,Nom;Maison,Charland,,
"salsepareille, Aralia Nudicaulis",VII Participe,Sas8gsek,Nom;Plante,"Laurent, 1884, p.33",,
Juste,,Sasagi,,"Laurent, 1884, p.65",,
Ce (I) qui est droit.,Adj,Sasagigek,Ajdectif,"Laurent, 1884, p.65",,
C'est droit (I),VII;3;s;présent,Sasagigen,Verbe,"Laurent, 1884, p.65",,
Ce (A) qui est droit.,Adj,Sasagigit,Ajdectif,"Laurent, 1884, p.65",,
Il est droit (A),VAI;3;s;présent,Sasagigo,Verbe,"Laurent, 1884, p.65",,
Justice,NI,Sasaginnowogan,Nom,"Laurent, 1884, p.13",,
"Droitement, directement",Adv,Sasagiwi,Adverbe,"Laurent, 1884, p.87",,
Balle de fusil,VII;3;s;présent;participe,Sasahl8k,,"Wz8khilain, 1830, p.57","Nolett-Ille, 1996, p.5",
Très soudainement,Adv,Sasalakiwi,Adverbe,"Day, 1994, p. 519",,
Un plomb de fusil,VII;3;s;présent,Sasalh8k,Nom;Object,"Wz8khilain, 1830, p.57",,
Pluvier,NA,Sasaso,Nom;Animal;Oiseau,"Laurent, 1884, p.37",,
Garde robe,I ?,Saskak,,"Wz8khilain, 1830, p.47",,
Sureau du Canada,NA,Saskib,Nom;Plante;Arbre,"Laurent, 1884, p.32",,
Bleuet,NI,Sata,,"Wz8khilain, 1830, p.47",,
Plant de bleuet,IN,Satamozi,Nom;Plante,"Laurent, 1884, p.31",,
Vêtement,NI,Sawaw8gan,,"Nollett-Ille, 1996, p.51",,
Fatigue,NI,Sawsannow8gan,,"Nolett-Ille, 1996, p.18",,
Soudain,Adj,Sazalki;Sazalkiwi,,"Nolett-Ille, 1996, p.46",,
Soudainement,Adv,Sazalkiwi;Sazalakiwi,,"Nolett-Ille, 1996, p.46",,
Jésus,,Sazos,Prénom,"Laurent, 1884, p.13",,
Le long de,Adv,Seb8ïwi,,"Laurent, 1884, p.89",,
Moufette,NA,Seg8gw,,"Laurent, 1884, p.36",,
Faucon,NA,Segwanilha,Nom;Animal;Oiseau,"Laurent, 1884, p.38",,
Fricassée,NI,Segweskejakhigan,Nom,"Laurent, 1884, p.29",,
Framboise,NA,Segweskimen,Nom;Plante;Fruit,"Laurent, 1884, p.31",,
Plant de framboise,NA,Segweskimenimozi,Nom;Plante,"Laurent, 1884, p.31",,
Pierre,NI,Sen,,"Wz8khilain, 1830, p.44",,
Érable à sucre,NA,Sen8mozi,Nom;Plante;Arbre,"Wz8khilain, 1830, p.60",,
Il y a beaucoup de roches,VII;3;s;présent,Senika,Verbe,"Day, 1994, p.448",,
Tripe de roche (Polydium virginianum),NI,Senikaladabagw,Nom;Plante,"Day, 1994, p.448",,
Berge,Adv,Senojiwi,Adverbe,"Laurent, 1884, p.35",,
Salive,NI,Sesekw,,"Wz8khilain, 1830, p.47",,
Quelqu'un peinture quelqu'un ou quelquechose (A).,VTA,Sezoh8mek,,"Laurent, 1884, p.193",,
Quelqu'un peinture quelquechose (I).,VTI,Sezoh8zik,,"Laurent, 1884, p.193",,
Peinture quelqu'un ou quelquechose (A).,VTA,Sezoha,,"Laurent, 1884, p.193",,
Peinture quelquechose (I).,VTI,Sezoha,,"Laurent, 1884, p.193",,
Peinture.,VAI,Sezohiga,,"Laurent, 1884, p.193",,
Peinturez.,VAI,Sezohigagw,,"Laurent, 1884, p.193",,
Quelqu'un peint.,VAI isc,Sezohigamek,,"Laurent, 1884, p.193","Nolett-Ille, 1996, p.53",
Peinturez quelqu'un ou quelquechose (A).,VTA,Sezohogw,,"Laurent, 1884, p.193",,
Peinturez quelquechose (I).,VTI,Sezohomogw,,"Laurent, 1884, p.193",,
Peinture,NI,Sezowigan,,"Laurent, 1884, p.44",,
Buse,NA,Si8mo,Nom;Animal;Oiseau,"Day, 1994, p.451",,
Une voile,NI,Sibakhigan,Nom;Objet,"Day, 1994, p.449",,
Le mat d'un bateau; littéralement l'arbre à voile?,NA,Sibakhiganakwam,Nom;Objet,"Day, 1994, p.449",,
Rivière,NI,Sibo,Nom;Lieu,"Wz8khilain, 1830, p.47",,
Eau de rivière,NI,Sibobi,Nom,"Laurent, 1884, p.15",,
La crucifixion,NI,Sidakwtahodw8gan,Nom,"Laurent, 1884, p.13",,
Un vœu pour quelqu'un,NI,Sidaldam8wadw8gan,Nom,"Day, 1994, p.451",,
Le printemps prochain,,Sigwaga,,"Nolett-Ille, 1996, p.40",,
Printemps,VII,Sigwan,,"Wz8khilain, 1830, p.47",,
Le printemps passé,,Sigwana,,"Nolett-Ille, 1996, p.40",,
Au printemps,Adv,Sigwaniwi,,"Wz8khilain, 1830, p.60",,
Veuf,NA,Sigwit,Nom;Personne,"Wz8khilain, 1830, p.45",,
Réserve,NI,Sigwnigan,Nom;Lieu,"Laurent, 1884, p.54",,
Pluie verglaçante,,Sikwla,,"Laurent, 1884, p.17",,
Veste,I ?,Silat,,"Wz8khilain, 1830, p.47",,
Ruban,NI,Silki,,"Wz8khilain, 1830, p.47","Nolett-Ille, 1996, p.34",
Soie (de la),NI,Silki,,"Wz8khilain, 1830, p.47",,
Tard,Adverbe,Sipki,,"Laurent, 1884, p.86",,
Dernièrement/Retard,Adv,Sipkiwi,,"Nolett-Ille, 1996, p.27","Nolett-Ille, 1996, p.45",
Oiseau,NA,Sips,,"Wz8khilain, 1830, p.44",,
Serpent à sonnette,NA,Sisikwa,,"Laurent, 1884, p.39",,
Hochet,NI,Sisiwan,,"Nolett-Ille, 1996, p.24",,
Sel (du),NI,Siwan,,"Wz8khilain, 1830, p.47",,
Poteau de clôture,NA,Skah8gan,,"Wz8khilain, 1830, p.49",,
Peau brute,I ?,Skahla,,"Wz8khilain, 1830, p.45",,
Bâton vert (branche pas encore sec),NI,Skakwam,,"Wz8khilain, 1830, p.45",,
Maïs,NI,Skamon,,"Wz8khilain, 1830, p.45",,
Pain de maïs,NA,Skamoniab8n,Nom;Objet,"Day, 1994, p.453",,
Septembre,NA,Skamonkas,,"Wz8khilain, 1830, p.89","Masta, 1932, p.67",
Viande fraîche,I ?,Skawakw,,"Wz8khilain, 1830, p.45",,
Croix,VII,Skawategw,,"Nolett-Ille, 1996, p.12","Laurent, 1884, p.39",
Vendredi,NI,Skawategwikizgat,,"Laurent, 1884, p.19",,
"Patate en chapelet, Apios Americana, Penacs",NA,Skib8,Nom;Plante;Légume,"Laurent, 1884, p.32",,
Feuille verte,NI,Skibagw,,"Wz8khilain, 1830, p.45","Nolett-Ille, 1996, p.50",
Cru,,Skiia,,"Wz8khilain, 1830, p.45",,
Couleuvre,NA,Skog,,"Wz8khilain, 1830, p.44","Nolett-Ille, 1996, p.19",
Couleuvre,NA,Skok,,"Nolett-Ille, 1996, p.11",,
,,Skokimen,,,,
Truite,NA,Skotam,,"Wz8khilain, 1830, p.45","Nolett-Ille, 1996, p.30",
Fil à coudre,NA,Skw8zontagw,,"Wz8khilain, 1830, p.55",,
Feu,NI,Skweda,,"Wz8khilain, 1830, p.47","Nolett-Ille, 1996, p.47",
"Automobile, littéralement wagon de feu.",NA,Skwedaiwagin,Nom;Véhicule,"Day, 1994, p.456",,
Mer,NI,Sobagw,,"Wz8khilain, 1830, p.47",,
Canard marin,NA,Sobagwilha,Nom;Animal;Oiseau,"Laurent, 1884, p.38",,
Tortue marine,NA,Sobagwitolba,,"Day, 1994, p.527",,
Chaudron,NA,Sodl8,,"Day, 1994, p.457",,
Chaudron,NA,Sodl8,Nom;Objet,"Day, 1994, p.457",,
Sucre,NA,Sogal,,"Wz8khilain, 1830, p.47",,
Gâteau,NA,Sogalab8n,,"Nolett-Ille, 1996, p.22",,
Faire du sucre,,Sogalikan,,"Wz8khilain, 1830, p.60",,
Avril,NA,Sogalikas,,"Wz8khilain, 1830, p.89",,
Eau d'érable,NI,Sogalinebi,,"Nolett-Ille, 1996, p.15",,
C'est de la nourriture sucrée.,VII;3;s;présent,Sogalipogwat,Verbe,Charland,,
Baptème,NI,Sogenab8zew8gan,Nom,"Day, 1994, p.528",,
Il pleut,VII;3;s;présent,Sogl8n,,"Laurent, 1884, p.201","Nolett-Ille, 1996, p.41",
Hirondelle,NA,Sogl8nilhasis,Nom;Animal;Oiseau,"Nolett-Ille, 1996, p.24","Nolett-Ille, 1996, p.45",
Il pleuvra,,Sogl8nji,,"Laurent, 1884, p.201",,
C’est une température pluvieuse,VII;3;s;présent,Sogl8nkizgat,Verbe,"Laurent, 1884, p.15",,
Il cuit,VAI,Soglozo,,"Day, 1994, p.528",,
Raisin sec,NA,Somen,,"Wz8khilain, 1830, p.47",,
Savon,NA,Sop,,"Wz8khilain, 1830, p.44",,
C'est de la nourriture sûre.,VII;3;s;présent,Sowipogwat,Verbe,Charland,,
Espagnol,NA,Sp8nioli,,"Laurent, 1884, p.53",,
La langue espagnole,NI,Sp8nioli8dwaw8gan,,"Laurent, 1884, p.53",,
Âne,NA,Sp8nioliases,,"Laurent, 1884, p.35",,
Tôt,Adj,Sp8zi,,"Laurent, 1884, p.102",,
Quelqu'un (A) déjeune.,VIAi,Sp8zipimek,,"Laurent, 1884, p.88",,
Tôt,Adv,Sp8ziwi,Adverbe,Philippe Charland,,
Le matin (quand c'est le matin),VII;3;s;présent,Sp8zowik,,"Wz8khilain, 1830, p.47",,
Paradis,NI,Spemki,,"Laurent, 1884, p.14",,
L’ascension,NI,Spemkik alihl8d,Nom,"Laurent, 1884, p.13",,
"Chambre à coucher, étage du haut",NI,Spemsakw,,"Wz8khilain, 1830, p.47",,
Juif,NA,Swip,,"Wz8khilain, 1830, p.44","Laurent, 1884, p.92",
Sept (chiffre),Numéral,T8baw8s,Numéral,"Laurent, 1884, p.73",,
Arc,NA,T8bi,,"Wz8khilain, 1830, p.88","Laurent, 1884, p.105",
Quelque part,,T8m8,,"Nolett-Ille,????, p.165",,
Combien,Pronom interrogatif,T8ni,,"Charland, O'bomsawin, 2021, p.34",,
Comment,Adv,T8ni,,"Charland, O'bomsawin, 2021, p.34",,
Où,,T8ni,,"Charland, O'bomsawin, 2021, p.34",,
Si,Conjonction,T8ni,,"Laurent, 1884, p.90",,
Quand,Conjonction,T8ni adoji,,"Laurent, 1884, p.89",,
Comment t'appelles-tu?,,T8ni aliwizian?,,"Laurent, 1884, p.92",,
Où es-tu?,,T8ni tali aïan?,,,,
J’ouvre quelquechose (I),VTI;1;s;présent,T8wdam,,"Laurent, 1884, p.96",,
Ouvrez quelquechose (I),VTI;2;p;Impératif,T8wdamogw,,"Laurent, 1884, p.96",,
Quelqu'un ouvre quelquechose (A),VTA isc,T8wdan8mek,,"Laurent, 1884, p.96",,
Quelqu'un ouvre quelquechose (I),VTI isc,T8wdan8zik,,"Laurent, 1884, p.96",,
Ouvre quelquechose (A),VTA;2;s;Impératif,T8wdana,,"Laurent, 1884, p.96",,
Ouvre quelquechose (I),VTI;2;s;Impératif,T8wdana,,"Laurent, 1884, p.96",,
Ouvrez quelquechose (A),VTI;2;p;Impératif,T8wdanogw,,"Laurent, 1884, p.96",,
Et,Conjonction de coordination,Ta,,"Nolett-Ille, 1996, p.17",,
Comme,Conjonction,Ta8lawi,,"Laurent, 1884, p.89",,
Souffle court,NI,Taakwi nasaw8gan,,"Laurent, 1884, p.24",,
Quelquechose (I) est court.,VII,Taakwigen,,"Masta, 1932, p.65",,
Et (pour les nombres),,Taba,,"Laurent, 1884, p.74",,
Le seigneur,VTI;Participle,Tabaldak,Nom;Personne,"Laurent, 1884, p.13",,
Pourvu que,Conjonction,Tabat,,"Laurent, 1884, p.90",,
Pourvu que,Conjonction,Tabatta,,"Laurent, 1884, p.90",,
Plus tard,Particule,Tabena,,"Laurent, 1884, p.115",,
Assez,Adv,Tabi,,"Laurent, 1884, p.87",,
Bientôt,,Tabna,,"Wz8khilain, 1830, p.47",,
Vivre en modération,,Tagas8wzimek,,"Masta, 1932, p.76",,
Peu,Adv,Tagasiwi,,"Wz8khilain, 1830, p.62",,
Automne,NI,Tagw8gw,,"Wz8khilain, 1830, p.53",,
Automne passé,,Tagw8gwa,,"Nolett-Ille, 1996, p. 3",,
Automne prochain,,Tagw8gwiga,,"Nolett-Ille, 1996, p. 3",,
En automne,,Tagw8gwiwi,,"Nolett-Ille, 1996, p. 3",,
C’est l’automne,,Tagw8gwoo,,,,
Moulin,NI,Tagwah8gan,Nom;Lieu,"Laurent, 1884, p. 12",,
Moulin,NI,Tagwah8gan,Nom,"Laurent, 1884, p.40",,
"Similaire, Pareil, Même",Particule,Tah8lawi,,"Laurent, 1884, p. 99",,
"Définitivement, Exactement",Particule,Taketa,,"Laurent, 1884, p.112","Laurent, 1884, p.69, Nolett-Ille, 1996, p.8",
Là,Adv,Tali,,"Nolett-Ille, 1996, p.26",,
Terrine,I ?,Talin,,"Wz8khilain, 1830, p.45",,
En bas,Adv,Tapsiwi,,,,
Chaise,NI,Tasakwabon,,"Wz8khilain, 1830, p.61",,
Plateforme pour la chasse,NI,Tasakwtahigan,Nom;Objet,"Day, 1994, p.157",,
"Quelquechose (I) est égal, de niveau, pareil",VII;3;s;présent,Tatebigen,,"Laurent, 1884, p.65",,
Table,NI,Tawipodi,,"Wz8khilain, 1830, p.61",,
Nappe; Serviettte de table,NI,Tawipodiagen,,"Laurent, 1884, p.28",,
Contenant,NI,Tawtigan,Nom;Objet,"Day, 1994, p.159",,
Fenêtre,NI,Tawz8gan,,"Laurent, 1884, p.88",,
Balance,NI,Tb8bakhigan,,"Wz8khilain, 1830, p.63",,
Autorité,NI,Tbaldamw8gan,Nom,"Laurent, 1884, p.160",,
"Direction, symbol, lettre, indication.",NI,Tbaskhodigan,Nom,"Day, 1994, p.160",,
Montre-bracelet,NI,Tbaïkizos8gan,Nom;Objet;Vêtement,"Laurent, 1884, p.27",,
Quelqu’un emporte quelqu’un (A),VTA,Tbestaw8mek,,"Laurent, 1884, p.191",,
Nuit,NI,Tebokw,Nom;Temps,"Laurent, 1884, p.19",,
Vague,NA,Tegw,,"Wz8khilain, 1830, p.45",,
Nuit,NI,Tepokw,,"Wz8khilain, 1830, p.47",,
Au même niveau,Adv,Tetebaskiwiwi,,"Laurent, 1884, p.89",,
Thé,NA,Ti,,"Laurent, 1884, p.29",,
Thé du canada,NI,Tibagw,Nom;Plante,"Rousseau, 1947, p. 40",,
Geai bleu,NA,Tideso,Nom;Animal;Oiseau,"Laurent, 1884, p.38",,
Théière,NA,Tiikwat,Nom;Objet,"Day, 1994, p.165",,
Melon,NI,Timeno,Nom;Plante;Fruit,"Day, 1994, p.463",,
Poivre,NA,Tipwabel,,"Wz8khilain, 1830, p.49",,
Grand-duc,NA,Titgeli,,"Wz8khilain, 1830, p.55",,
Il fait froid dehors (la température),VII;3;s;présent,Tka,,"Laurent, 1884, p.15",,
C’est une température froide,VII;3;s;présent,Tkakizgat,Verbe,"Laurent, 1884, p.15",,
Baignade,NI,Tkasmow8gan,,"Wz8khilain, 1830, p.58",http://www.mfw.us/blog/wp-content/uploads/2020/04/EditedAbenakiDictionaryNEWNEW.pdf,
Eau de source,NI,Tkebi,Nom,"Laurent, 1884, p.15",,
Ce (I) qui est lourd.,Adj,Tkwigwak,,"Laurent, 1884, p.68",,
Lourd,Adj,Tkwigwi,,"Laurent, 1884, p.65","Nolett-Ille, 1996, p.8",
Ce (A) qui est lourd.,Adj,Tkwigwilek,,"Laurent, 1884, p.68",,
Trappe en acier,NA,Tlaps,,"Wz8khilain, 1830, p.44",,
Hache,NI,Tmahigan,,"Wz8khilain, 1830, p.55",,
Castor,NA,Tmakwa,Nom;Animal;Mammifère,"Wz8khilain, 1830, p.47","Nolett-Ille, 1996, p.10",
Une souche ou un arbre brisé par le vent,NI,Tmanakw,Nom;Arbre,"Wz8khilain, 1830, p.47",,
Une faux,NI,Tmaskez8w8gan,,"Laurent, 1884, p.43",,
Juillet,NA,Tmaskikos,,"Wz8khilain, 1830, p.89",,
Paire de ciseaux,NA,Tmespanahon,,"Wz8khilain, 1830, p.58","Nolett-Ille, 1996, p.48",
Août,NA,Tmez8was,,"Wz8khilain, 1830, p.89",,
Une épée,NI,Tmokwatahigan,Nom;Objet,"Laurent, 1884, p27",,
Lait,NI,Todosn8bo,,"Laurent, 1884, p.11",,
Tortue,NA,Tolba,,"Wz8khilain, 1830, p.47",,
Cabanon,NI,Tos8n,,"Wz8khilain, 1830, p.45",,
Iel parle,VAI,W'klozo,,"Laurent, 1884, p.94",,
Il commence,,W'm8jasa,,,,
Iel parle fort à quelqu'un.,VAI,W'ms8dwa,,"Laurent, 1884, p.94",,
Il voit quelquechose (I) d'indéfini,VTIi,W'namito,,"Laurent, 1884, p.71",,
Il voit quelquechose (I) de défini,VTId,W'namitonal,,"Laurent, 1884, p.71",,
Il/Elle herse quelquechose (I) de défini.,VTId,W'nokapodon,,"Laurent, 1884, p.71",,
Iel est en train de fabriquer quelquechose (I),VTIi,W'pchito,,"Laurent, 1884, p.72",,
Wampum,NI,W8b8bi,,Charland,,
Chemise,NA,W8baks,Nom;Objet;Vêtement,"Nolett-Ille, 1996, p.9",,
Tente (de toile),NI,W8baksigamikw,,"Laurent, 1884, p.61",,
Aube (l'),NI,W8ban,,"Nolett-Ille, 1996, p.3",,
Abénaki,NA,W8banaki,,"Laurent, 1884, p.47",,
Chez les abénakis,,W8banakikok,,,,
Blanc,,W8bi,,"Wz8khilain, 1830, p.48",,
Vin blanc,NI,W8bi makwbagak,,"Laurent, 1884, p.30","Nolett-Ille, 1996, p.34",
Ce qui (I) est blanc.,Adj,W8bigek,,"Laurent, 1884, p.69",,
C'est blanc,VII,W8bigen,,"Laurent, 1884, p.45",,
Oie domestique,NA,W8bigilhakw,Nom;Animal;Oiseau,"Laurent, 1884, p.38",,
Celui ou ce (A) qui est blanc.,Adj,W8bigit,,"Laurent, 1884, p.69",,
Il est blanc,VAI,W8bigo,,"Laurent, 1884, p.202",,
Souris,NA,W8bikwsos,,"Wz8khilain, 1830, p.57",,
Châtaigne,NI,W8bimen,Nom;Plante;Fruit,"Day, 1994, p.506",,
Châtaignier d'Amérique,NA,W8bimizi,Nom;Plante;Arbre,"Wz8khilain, 1830, p.62",,
Pigeon domestique,NA,W8bipelaz,Nom;Animal;Oiseau,"Laurent, 1884, p.38",,
Wapiti,NA,W8boz,,"Wz8khilain, 1830, p.49",,
Oie sauvage,NA,W8btegwa,Nom;Animal;Oiseau,"Nolett-Ille, 1996, p.34",,
Renard,NA,W8kwses,,"Wz8khilain, 1830, p.49",,
Vallée,,W8lhana,,"Wz8khilain, 1830, p.57",,
Quelquechose est (I) creux,Adj,W8ligen,,"Day, 1994, p.508",,
Quelqu'un ou quelquechose (A) creux,Adj,W8ligo,,"Day, 1994, p.508",,
Marais,NI,W8ljebagw,,"Laurent, 1884, p.16",,
Bêche,NI,W8lk8gan,,"Wz8khilain, 1830, p.56","Nolett-Ille, 1996, p.34",
Un endroit creux,,W8lkaa,,"Wz8khilain, 1830, p.49",,
Pelle,NI,W8lkahigan,,,,
Très tôt tous les matins,VII,W8sp8zaki,,"Day, 1996, p.509",,
Oeuf,NI,W8wan,,"Wz8khilain, 1830, p.48",,
Barbue,NA,W8zweso,,???,,
Ceci (à proximité),Pronom démonstratif Animé,Wa,,"Laurent, 1884, p.98",,
"Celui , celle, ce, celui-ci, celle-ci (A)",Pronom démonstratif,Wa;Owa,,"Day, 1994, p.465",,
Fesse,NI,Wabi,,"Wz8khilain, 1830, p.48",,
Gland de chêne blanc,NI,Wachil,Nom;Plante;Fruit,"Wz8khilain, 1830, p.49",,
Chêne blanc,NA,Wachilmezi,Nom;Plante;Arbre,"Wz8khilain, 1830, p.61",,
Racine pour coudre,NI,Wadap,Nom;Objet,"Aubéry, 1715, p.427",,
Wagon,NI,Wagin,Nom,"Wz8khilain, 1830, p.49",,
Talon,NI,Wagwan,Nom,"Wz8khilain, 1830, p.48",,
Quelqu’un embrasse quelqu’un (A),VTA,Wajam8mek,,"Laurent, 1884, p.192",,
Quelqu’un embrasse quelquechose (I),VTI,Wajamd8zik,,"Laurent, 1884, p.192",,
Racine,NI,Wajapkw,,"Wz8khilain, 1830, p.48",,
Anciennement,Adv,Wajidawi,,"Day, 1994, p.469","Masta, 1932, p.56",
Embrasse-moi,,Wajimi,,,,
Montagne,NA,Wajo,Nom;Lieu,"Wz8khilain, 1830, p.49",,
Hêtre,NA,Wajoimizi,Nom;Plante;Arbre,"Laurent, 1884, p.31",,
Chariot,NA,Wak8likws,,"Laurent, 1884, p.72",,
Roue,NA,Wak8likws,,"Wz8khilain, 1830, p.56",,
Patin à roues,NI,Wak8likwsil8gemapozow8gan,,Philippe Charland,http://westernabenaki.com/domesticanimalstalk1.mp3,
Skateboard,NI,Wak8likwsipsigaskw,,Philippe Charland,,
Quelques années qui passent,VII,Wakasigaden,,"Day, 1994, p.470",,
Quelques-uns,NI,Wakasnol,,"Wz8khilain, 1830, p.56",,
Quelque (A),,Wakasoak,,"A. Obomsawin, ???","Nolett-Ille, 1996, p.15",
Quelques-uns,NA,Wakaswak,,"Wz8khilain, 1830, p.56",,
Escargot,NA,Wakw8des,,"Day, 1994, p.471",,
Hier soir,,Wal8gwiga,,"Laurent, 1884, p.105",,
"Nom commun pour petit hibou, nom spécifique de la petite nyctale.",NA,Wal8ias,Nom;Animal;Oiseau,"Laurent, 1884, p.37",,
Écorce brute,NI,Walagaskw,,"Wz8khilain, 1830, p.47",,
Assez,Adv,Wami,,"Laurent, 1884, p.87",,
Le fils (Celui qui a un père),VTA;Participe,Wamit8gwsit,,"Laurent, 1884, p.13",,
Fou,NA,Wan8daminat,,"Wz8khilain, 1830, p.19",,
La rage ou la folie,NI,Wan8daminaw8gan,,"Laurent, 1884, p.24",,
Le père (Celui qui a un fils),VTA;Participe,Wanam8nit,Religion,"Laurent, 1884, p.13",,
Quelqu'un perd quelqu'un ou quelquechose (A),VTA isc,Wanial8mek,,"Laurent, 1884, p.191","Nolett-Ille, 1996, p.10",
Feuille,NI,Wanibagw,Nom;Plante,"Nolett-Ille, 1996, p. 19",,
Peuplier faux tremble,NA,Wasagakw,Nom;Plante;Arbre,"Nolett-Ille, 1996, p.37",,
"Une torche, une lanterne, une lampe de poche",NI,Wasakwlhanigan,Nom;Objet,"Day, 1994, p.480",,
Chandelle,NI,Wasanm8gan,Nom;Objet,"Wz8khilain, 1832, p.61",,
"Aurore boréal; littéralement ""il chandelle""",VII;3;s;présent,Wasanm8ganihla,,"Day, 1994, p.480",,
La chandeleur; fête païenne et chrétienne.,VAI isc,Wasanm8mek,Nom,"Laurent, 1884, p.56",,
Citrouille,NI,Wasawa,Nom;Plante;Légume,"Wz8khilain, 1830, p.56",,
Orange,NI,Wasawas,Nom;Plante;Fruit,"Laurent, 1884, p.31",,
C'est orange,VTI,Wasawasigen,,"Source (Charland, O'Bomsawin, O'Bomsawin, 2021, p. 13)",,
Doré,NA,Watagwa,,???,,
Sagesse,NI,Waw8damw8gan,,"Wz8khilain, 1830, p.87",,
"Un sage, une personne intelligente",NA,Waw8damwinno,,"Wz8khilain, 1830, p.32",,
Ce qui raconte des nouvelles. Téléphone.,VTI;Participe,Waw8jemoïk,Verbe,"Day, 1994, p.485",,
Peuplier deltoide,NA,Wawabibakw,Nom;Plante;Arbre,"Laurent, 1884, p.31",,
Traîneau,NI,Wawabig8dhigan,Nom;Objet,"Nolett-Ille, 1996, p.49",,
Sacré,,Wawasi,,"Wz8khilain, 1830, p.56",La grande jaune,
La bible,,Wawasi Awighigan,,"Laurent, 1884, p.66","Laurent, 1884, p.17",
Évangéliste,NA,Wawasi kigamowinno,Nom;Personne,"Laurent, 1884, p.14",,
Un saint,NA,Wawasinno,Nom;Personne,"Laurent, 1884, p.14",,
Puits,NA,Wawdazib8m,Nom,"Laurent, 1884, p.15",,
Eau de puits,NI,Wawdazib8minebi,Nom,"Laurent, 1884, p.15",,
Connaissance,NI,Wawidah8zw8gan,,"Day, 1994, p. 483",,
Abeille,NA,Wawil8mwa,Nom;Animal;Insect,"Nolett-Ille, 1996, p.1",,
Carotte,NA,Wawiz8wagwezid,Nom;Plante;Légume,"Day, 1994, p.484",,
Neige,NA,Waz8li,,"Wz8khilain , 1830, p. 56",,
Quelquechose (I) est mince.,VII;3;s;présent,Wazaba,,,,
Ce (I) qui est mince.,Adj,Wazabak,,"Laurent, 1884, p.68",,
Mince,Particule,Wazabi,,"Laurent, 1884, p.65",,
Ce (A) qui est mince.,Adj,Wazabizit,,"Laurent, 1884, p.68",,
Toujours (tout le temps),Particule,Waïji,,"Masta, 1932, p.17",,
Toujours (tout le temps),Adv,Waïjiwi,Adverbe,"Masta, 1932, p.17",,
Tendon,I ?,Wchat,,"Wz8khilain, 1830, p.44",,
Nerveux,,Wchatoo,,"Wz8khilain, 1830, p.49",,
Il va,VAI,Wd'alosa,,"Nolett-Ille, 1996, p.1",,
Ils vont,VAI,Wd'alosak,,"Nolett-Ille, 1996, p.1",,
Ils utilisent quelquechose (I) d'indéfini.,VTIi,Wd'awakatoak,,"Laurent, 1884, p.72",,
Il utilise quelquechose (I) de défini.,VTId,Wd'awakaton,,"Laurent, 1884, p.72",,
Ils utilisent quelquechose (I) de défini.,VTId,Wd'awakaton8,,"Laurent, 1884, p.72",,
Ottawa (le peuple),,Wd8w8,,"Wz8khilain, 1830, p.49",,
Un autochtone Ottawa,NA,Wd8w8,,"Wz8khilain, 1830, p.48","Nolett-Ille, 1996, p.47",
"Luge, toboggan",NA,Wdab8gan,,"Nolett-Ille, 1996, p.28",,
C’est humide,VII;3;s;présent,Wdagikizgat,,"Laurent, 1884, p.17",,
C’est une température humide,VII;3;s;présent,Wdagkizgat,Verbe,"Laurent, 1884, p.15",,
Pagaie,NA,Wdah8gan,,"Wz8khilain, 1830, p. 55","Nolett-Ille, 1996, p.38",
"Remord, regret",TI,Wdaldamw8gan,,"Aubéry-Laurent, 1995, p.441",,
Tabac,NA,Wdam8,,"Wz8khilain, 1830, p.47",,
Libellule,NA,Wdam8gan,,"Nolett-Ille, 1996, p.27",,
Pipe,NA,Wdam8gan,,"Rasles, 1831, p.402","Wz8khilain, 1830, p.55",
Tige de pipe,NI,Wdam8ganakwam,Nom;Objet;Vêtement,"Day, 1994, p.413",,
C'est brun,VTI,Wdam8gen,,"Source (Charland, O'Bomsawin, O'Bomsawin, 2021, p. 13)",,
Licorne,NA,Wdaskan8t,,Masta,,
Pagaie,NA,Wdaw8gan,,"Nolett-Ille, ???, p.162",,
Un apôtre,NA,Wdawasgiskwit,Nom;Personne,"Laurent, 1884, p.14",,
Épaule,NA,Wdeli,,"Wz8khilain, 1830, p.48",,
Prend quelquechose (A),VTA,Wdena,,"Laurent, 1884, p.108",,
Prend quelquechose (I).,VTI;2;s;Impératif,Wdena,,"Laurent, 1884, p.108","Nolett-Ille, 1996, p.3",
Bandeau,NI,Wdep8bi,,"Nolett-Ille, 1996, p.5",,
Cheveu,NI,Wdepkwan,,"Wz8khilain, 1830, p.49",,
Gésier,,Wdezi,,"Wz8khilain, 1830, p.47",,
Aulne,NA,Wdopi,Nom;Plante;Arbre,"Wz8khilain, 1830, p.47",,
Mal d’estomac ou mal de ventre,NI,Wesagagzaw8gan,,"Laurent, 1884, p.24",,
Un rhume,NI,Wesgwinaw8gan;Wesgoin8gan,,"Laurent, 1884, p.24",,
Moutarde,VII;3;s;présent,Whawiz8wjagak,Nom,"Laurent, 1884, p.28",,
Le bonheur,NI,Wiag8wzow8gan,,"Wz8khilain, 1830, p.66",,
Sac à dos,NI,Wiazon,Nom;Objet;Vêtement,"Day, 1994, p.489",,
Beige/Gris/Drabe,,Wibgwigen,,"Laurent, 1884, p.46",,
Seulement,,Wibiwi,,"Laurent, 1884, p.112",,
Plat-bord,NA,Wibod8gan,Nom;Objet,"Day, 1994, p.490",,
Ami (Son),NA,Wid8baa,,,,
Ami (Leur ami),NA,Wid8baw8,,,,
S'il vous plait.,VAI,Wig8damana,,"Day, 1994, p.492",,
Jour de célébration,NI,Wig8damikizgat,Nom,Nolett-Ille,,
Volontairement,Adv,Wig8damiwi,,"Laurent, 1884, p.87",,
Appetit (l'),NI,Wigapow8gan,,"Nolett-Ille, 1996, p.2",,
Souvent,Adv,Wigaw8jiwi,,"Day, 1994, p.491",,
Écorce filandreuse ou éclisse,NI,Wigbi,,"Wz8khilain, 1830, p.48",,
Tilleul,NA,Wigbimezi,,"Nolett-Ille, 1996, p.48","Nolett-Ille, 1996, p.29",
Tilleul,NA,Wigbimizi,Nom;Plante;Arbre,"Laurent, 1884, p.32",,
Alcoolique,NA,Wigesmowinno,,"Nolett-Ille, 1996, p.1","Laurent, 1884, p.61",
Aimer… (faire une action),Préverbe,Wigi,,"Laurent, 1884, p.117",,
Campement,NI,Wigodi,Nom;Lieu,"Day, 1994, p.492",,
Maison,NI,Wigw8m,Nom;Lieu,"Wz8khilain, 1830, p.48",,
Cygnes,NA,Wigwahla,,"Wz8khilain, 1830, p.56",,
Canot d'écorce,NI,Wigwaol,,"Wz8khilain, 1830, p.56",,
Le saint esprit,VAI;Participe,Wiji-Wliniwaskwit,,"Laurent, 1884, p.13",,
"Graisse, non-fondue",NI,Wika,,"Aubéry-Laurent, 1995, p.284","Nolett-Ille, 1996, p.31",
Il est gras,VAI;3;s;présent,Wikao,,"Laurent, 1884, p.117",,
Lynx roux,NA,Wikwti,,"Day, 1994, p.497",,
Langue (l'organe),NI,Wilalo,,"Wz8khilain, 1830, p.56","Masta, 1932, p. 55",
Moelle,NI,Win,,"Wz8khilain, 1830, p.44",,
Oignon,NA,Winos,,"Nolett-Ille, 1996, p.34",,
Échalotte,NA,Winosis,,"Nolett-Ille, 1996, p.34",,
Oignon,NA,Winoz,,"Wz8khilain, 1830, p.48",,
Bouleau flexible (merisier rouge),NA,Wins,,"Wz8khilain, 1830, p.44",,
Viande,NI,Wios,,"Laurent, 1884, p.12",,
Chardonneret,NA,Wis8wihlasis,Nom;Animal;Oiseau,"Laurent, 1884, p.37",,
Détroit,NI,Wisaw8gama,Nom,"Laurent, 1884, p.15",,
Enveloppe,NI,Wisigwakhigan,,"Laurent, 1884, p.61",,
Il rapporte une nouvelle.,VAI,Witamasi,,"Day, 1994, p.498",,
Dire à quelqu'un pour qu'il apprenne,VTA,Witamawa,,"Day, 1994, p.498",,
Dit-moi quelquechose pour que j'apprenne,VTA,Witamawi,,,"Nolett-Ille, 1996, p.34",
Autour/Alentour,Adv,Wiwniwi,,"Laurent, 1884, p.89","Nolett-Ille, 1996, p.5",
"Coptis groenlandica, Savoyane",NI,Wiz8wajapkasis,Nom;Plante,"Day, 1994, p.502",,
C'est jaune,VII,Wiz8wigen,,"Laurent, 1884, p.45",,
Serin,NA,Wiz8wilhasis,Nom;Animal;Oiseau,???,,
Or,NA,Wiz8wim8ni,,"Wz8khilain, 1830, p.66",,
Beurre,NA,Wiz8wipemi,,"Laurent, 1884, p.30",,
Poisson scie,NA,Wj8jgahon,Nom;Animal;Poisson,"Wz8khilain, 1830, p.56",,
Nez,NID,Wj8l,,"Wz8khilain, 1830, p.48",,
Mouche,NA,Wjawas,,"Nolett-Ille, 1996, p.32","Nolett-Ille, 1996, p.13",
Depuis,Préposition,Wji,,"Laurent, 1884, p.88",,
Pour,Préposition,Wji,,"Laurent, 1884, p.88",,
Selon que,Conjonction,Wji,,"Laurent, 1884, p.90",,
"Parce que, Tandis que, Comme",Conjonction,Wji ali,,"Laurent, 1884, p.89",,
De crainte que,Conjonction,Wji ali nsat8zik,,"Laurent, 1884, p.90",,
De peur que,Conjonction,Wji alinsat8zik,,"Laurent, 1884, p.90",,
Est,,Wji nahil8t,,"Day, 1994, p.46",,
Convulsions,NI,Wjibilwas,,"Laurent, 1884, p.24",,
Ça arrive à cause de quelquechose.,VII,Wjidbihla,,"Day, 1994, p.397",,
Camp abandonné,I?,Wjig8n,,"Wz8khilain, 1830, p.49",,
Appartient à,,Wjiia,,"Wz8khilain, 1830, p.48","Nolett-Ille, 1996, p.48",
Selon que,Conjonction,Wjiji,,"Laurent, 1884, p.90",,
Tuyau de poele,NI,Wkwed8gan,Nom;Maison,Philippe Charland,,
Il fait chaud,,Wl8da,,"Laurent, 1884, p.15",,
Il fait doux,,Wl8da,,"Wz8khilain, 1830, p.49",,
Bol,NA,Wl8gan,Nom;Objet,"Laurent, 1884, p.28",,
Ustensiles,VII;3;p;présent,Wl8ganin8kwkil,Nom;Objet,"Laurent, 1884, p.28","Nollett-Ille, 1996, p.43",
Le soir,NI,Wl8gw,,"Nolett-Ille, 1996, p.46",,
Hier,VII;3;s;présent,Wl8gwa,,"Laurent, 1884, p.20",,
Grive Solitaire,NA,Wl8gwilhas,Nom;Animal;Oiseau,"Laurent, 1884, p.38",,
Durant la soirée,Adv,Wl8gwiwi,,"Nolett-Ille, 1996, p.46","Laurent, 1884, p.65",
Évangile,NI,Wl8jmow8gan,Nom,,,
Quelqu’un a raison,VAI isc,Wl8mamek,,,,
Raison,NI,Wl8maw8gan,,"Wz8khilain, 1830, p.62",,
"Croyance, foi,Imaginaton",NI,Wl8mawaldamw8gan,,"Day, 1994, p.409",,
Une plage de sable,VII;3;s;présent,Wl8mkilha,Verbe,"Day, 1994, p.409",,
Cocotte (cone de conifère),NI,Wl8mpskw,Nom;Plante;Fruit,"Day, 1994, p.409",,
C'est bleu,VII,Wl8wigen,Verbe,"Laurent, 1884, p.44",,
Politesse (la),NI,Wlakamigwzow8gan,Nom,"Nolett-Ille, 1996, p.38",,
Porte-Bonheur,NI,Wlalmegwahigan,Nom;Objet,"Nolett-Ille, 1996, p.39","Laurent, 1884, p.36",
Chance (la),NI,Wlalmegwzow8gan,Nom,"Laurent, 1884, p.116",,
La romaine,,Wlaman,,,"Nolett-Ille, 1996, p.6",
C'est vermillon,VII;3;s;présent,Wlamanigen,Verbe;Couleur,,,
Pékan,NA,Wlanikw,Nom;Animal;Mammifère,"Wz8khilain, 1830, p.49",,
"Astuce,Ruse",NI,Wlatagzow8gan,Nom,"Day, 1994, p.401",,
C’est calme,VII;3;s;présent,Wlawiben,Verbe,"Laurent, 1884, p.114",,
Aile,NA,Wlegwan,,"Wz8khilain, 1830, p.48",,
Il y a un bon vent,VII;3;s;présent,Wlel8msen,Verbe,"Laurent, 1884, p.15",,
"Bon, doux",Adj,Wli,,"Wz8khilain, 1830, p.44",,
Belle journée,,Wli kizgat,,,,
Fabrique quelquechose (I),VTA;2;s;Impératif,Wlia,,"Laurent, 1884, p.194",,
Savoir-vivre(le),NI,Wlidbakamigwzow8gan,Nom,"Nolett-Ille, 1996, p.45",,
Ce qui (I) est bien,Adj,Wligek,,"Laurent, 1884, p.70",,
"Quelquechose (I) est bon, beau",VII,Wligen,Verbe,"Wz8khilain, 1830, p.48",,
Celui (A) qui est bien,Adj,Wligit,,"Laurent, 1884, p.70",,
"Il est beau, bien",VAI,Wligo,Verbe,"Laurent, 1884, p.66",,
"La beauté, la bonté",NI,Wligow8gan,Nom,"Laurent, 1884, p.24",,
Quelqu'un fait quelquechose (A),VTA isc,Wlih8mek,Verbe,"Laurent, 1884, p.194",,
Fais quelquechose (A),VTA;2;s;Impératif,Wliha,Verbe,"Laurent, 1884, p.194",,
Faites quelquechose (A),VTA;2;p;impératif,Wlihokw,Verbe,"Laurent, 1884, p.194",,
Il fait une belle température,VII,Wlikizgat,Verbe,"Day, 1994, p.401",,
C’est de la bonne nourriture,VII;3;s;présent,Wlipogwat,Verbe,"Day, 1994, p.406",,
Quelqu'un fait quelquechose (I),VTI isc,Wlit8zik,Verbe,"Laurent, 1884, p.194",,
Fais quelquechose (I),VTI;2;s;Impératif,Wlito,Verbe,"Laurent, 1884, p.194",,
Ils fabriquent quelquechose (I),VTI,Wlitoak,Verbe,"Masta, 1932, p.63",,
Ils fabriqueraient quelquechose (I),VTI,Wlitoakba,Verbe,"Laurent, 1884, p.71","Laurent, 1884, p.166",
Faites quelquechose (I),VTI;2;p;Impératif,Wlitokw,Verbe,"Laurent, 1884, p.194",,
Merci,NA,Wliwni,,"Laurent, 1884, p.94",,
Corde de cuire,NI,Wlogas,Nom;Objet,"Wz8khilain, 1830, p.48","Nolett-Ille, 1996, p.34",
Un gouvernail,NI,Wlokwahigan,Nom;Objet,"Day, 1994, p.407",,
Loutre,NA,Wnegigw,Nom;Animal;Mammifère,"Wz8khilain, 1830, p.49",,
"Petite bardane, Arctium lappa",NI,Wnibagw,Nom;Plante,"Rousseau, 1947, p. 45",,
Bracelet,NI,Wpedin8bi,Nom;Objet;Vêtement,"Laurent, 1884, p.27","Laurent, 1884, p.65",
C'est de la nourriture amère.,VII;3;s;présent,Wsagipogwat,Verbe,Charland,,
Lunettes,NI,Wsizekwaïganal,Nom;Objet;Vêtement,"Nolett-Ille, 1996, p.28",,
Os,NI,Wskan,Nom;Objet;Corps,"Wz8khilain, 1830, p.44",,
Peut-être,Particule,Wskebi,,"Nolett-Ille, 1996, p.37",,
"Neuf, Jeune",Adj,Wski,,"Wz8khilain, 1830, p.49",,
Sève,NI,Wskidakwam,Nom,Charland,,
C’est frais,VII,Wskigen,,"Day, 1994, p.510",,
"Dessus,Sur",Adv,Wskijiwi,Adverbe,"Laurent, 1884, p.89",,
Jeune homme,NA,Wskinnos,Nom;Personne,,,
Petit garçon,NA,Wskinnosis,Nom;Personne,"Laurent, 1884, p.21",,
"Pince, proue, le bout d'un canot",NI,Wskw8wla,Nom;Objet,"Aubéry, 1995, p.421",,
"Car, trop",Conjonction,Wz8mi,Conjonction,"Laurent, 1884, p.89",,
Queue,NID,Wzogna,Nom;Corps,"Aubéry, 1715, p.425",,
Qui roule,Racine,adb-,Racine,"Day, 1994, p.XXVI",,
Toujours (tout le temps),Adv,canne,,"Nolett-Ille, 1996, p.49",,
"Très lent, Très lentement",Particle,m8manni,,"Day, 1994, p.332","Nolett-Ille, 1996, p.3",
Personne commune,NA,nanihlaw8ba,,"Wz8khilain, 1830, p.33",,
Ceux qui sont vieux.,NA;Pluriel,neg8zoak,Nom;Personne,"Day, 1994, p.358",,
Quelqu’un qui fait quelque chose par profession.,Racine,noji-,Racine,"Day, 1994, p.LVI",,
"delai, pause, attendre.",VAI,pla,,"Day, 1994, p.90","Laurent, 1884, p.36",
Vie,NI,pm8wzow8gan,,"Day, 1994, p.98",,
Eau de pluie,NI,sogl8nbi,Nom;Objet,"Laurent, 1884, p.15",,
